"","ClaimTimes","Claims"
"1",1980-01-03 01:00:00,1.68374816983895
"2",1980-01-04 01:00:00,2.09370424597365
"3",1980-01-05 01:00:00,1.73258125915081
"4",1980-01-07 01:00:00,1.77975402635432
"5",1980-01-07 01:00:00,4.61200585651537
"6",1980-01-10 01:00:00,8.72527379209371
"7",1980-01-10 01:00:00,7.89897510980966
"8",1980-01-16 01:00:00,2.20804538799414
"9",1980-01-16 01:00:00,1.48609077598829
"10",1980-01-19 01:00:00,2.79617130307467
"11",1980-01-21 01:00:00,7.32064421669107
"12",1980-01-21 01:00:00,3.36749633967789
"13",1980-01-24 01:00:00,1.46412884333821
"14",1980-01-25 01:00:00,1.72222254758419
"15",1980-01-26 01:00:00,11.3748169838946
"16",1980-01-26 01:00:00,2.48273938506589
"17",1980-01-28 01:00:00,26.2146412884334
"18",1980-02-03 01:00:00,2.00243045387994
"19",1980-02-05 01:00:00,4.53001464128843
"20",1980-02-07 01:00:00,1.84175256222548
"21",1980-02-10 01:00:00,3.80673499267936
"22",1980-02-13 01:00:00,14.1220761346999
"23",1980-02-16 01:00:00,5.4242532942899
"24",1980-02-19 01:00:00,11.7130307467057
"25",1980-02-20 01:00:00,1.51537335285505
"26",1980-02-21 01:00:00,2.53858857979502
"27",1980-02-22 01:00:00,2.0497803806735
"28",1980-02-23 01:00:00,12.4655929721816
"29",1980-02-25 01:00:00,1.73544509516837
"30",1980-02-27 01:00:00,1.68374816983895
"31",1980-03-07 01:00:00,3.32385212298682
"32",1980-03-13 01:00:00,1.82102489019034
"33",1980-03-13 01:00:00,2.41581259150805
"34",1980-03-13 01:00:00,1.46412884333821
"35",1980-03-17 01:00:00,5.8759019033675
"36",1980-03-20 01:00:00,1.792439238653
"37",1980-03-21 01:00:00,3.33821376281113
"38",1980-03-22 01:00:00,1.58448755490483
"39",1980-03-26 01:00:00,1.93132064421669
"40",1980-04-06 01:00:00,2.0497803806735
"41",1980-04-10 02:00:00,1.57375841874085
"42",1980-04-11 02:00:00,1.75695461200586
"43",1980-04-14 02:00:00,4.9311859443631
"44",1980-04-15 02:00:00,5.41727672035139
"45",1980-04-16 02:00:00,1.53733528550512
"46",1980-04-25 02:00:00,17.5695461200586
"47",1980-04-25 02:00:00,1.69112298682284
"48",1980-04-26 02:00:00,1.58161200585652
"49",1980-05-01 02:00:00,1.46711566617862
"50",1980-05-01 02:00:00,2.0497803806735
"51",1980-05-02 02:00:00,1.92871156661786
"52",1980-05-02 02:00:00,3.26315373352855
"53",1980-05-04 02:00:00,1.70424597364568
"54",1980-05-07 02:00:00,2.07460761346999
"55",1980-05-09 02:00:00,3.29428989751098
"56",1980-05-10 02:00:00,1.83997510980966
"57",1980-05-16 02:00:00,7.32064421669107
"58",1980-05-18 02:00:00,7.32064421669107
"59",1980-05-20 02:00:00,1.57621522693997
"60",1980-05-20 02:00:00,4.8560980966325
"61",1980-05-21 02:00:00,1.54227525622255
"62",1980-05-26 02:00:00,13.6207906295754
"63",1980-05-29 02:00:00,1.75695461200586
"64",1980-05-29 02:00:00,1.6398243045388
"65",1980-06-02 02:00:00,2.03637774524158
"66",1980-06-03 02:00:00,21.9619326500732
"67",1980-06-11 02:00:00,1.79902635431918
"68",1980-06-12 02:00:00,2.45241581259151
"69",1980-06-15 02:00:00,2.66910688140556
"70",1980-06-15 02:00:00,2.02414641288433
"71",1980-06-16 02:00:00,1.72474377745242
"72",1980-06-17 02:00:00,1.64386383601757
"73",1980-06-21 02:00:00,1.96193265007321
"74",1980-06-30 02:00:00,4.62664714494876
"75",1980-07-02 02:00:00,1.46412884333821
"76",1980-07-04 02:00:00,3.96325036603221
"77",1980-07-04 02:00:00,5.56385212298682
"78",1980-07-07 02:00:00,4.39238653001464
"79",1980-07-10 02:00:00,3.64031332357247
"80",1980-07-12 02:00:00,1.67789165446559
"81",1980-07-14 02:00:00,1.44948755490483
"82",1980-07-15 02:00:00,263.250366032211
"83",1980-07-25 02:00:00,2.50073206442167
"84",1980-07-26 02:00:00,1.82576866764275
"85",1980-07-26 02:00:00,9.88286969253294
"86",1980-07-28 02:00:00,2.14661786237189
"87",1980-07-29 02:00:00,2.87025915080527
"88",1980-08-07 02:00:00,6.31991361639824
"89",1980-08-08 02:00:00,2.12346120058565
"90",1980-08-08 02:00:00,2.92386530014641
"91",1980-08-11 02:00:00,2.03637628111274
"92",1980-08-18 02:00:00,1.73645680819912
"93",1980-08-18 02:00:00,2.0497803806735
"94",1980-08-20 02:00:00,1.90336749633968
"95",1980-08-21 02:00:00,1.61054172767204
"96",1980-08-23 02:00:00,1.71742313323572
"97",1980-08-23 02:00:00,3.12943777452416
"98",1980-08-27 02:00:00,2.05195754026354
"99",1980-08-28 02:00:00,1.96751830161054
"100",1980-08-28 02:00:00,2.10248901903367
"101",1980-08-28 02:00:00,3.25915080527086
"102",1980-08-30 02:00:00,1.99853587115666
"103",1980-08-30 02:00:00,5.41727672035139
"104",1980-09-02 02:00:00,2.81983601756955
"105",1980-09-04 02:00:00,3.69708345534407
"106",1980-09-05 02:00:00,2.04538799414348
"107",1980-09-05 02:00:00,2.67935578330893
"108",1980-09-08 02:00:00,3.42622401171303
"109",1980-09-11 02:00:00,1.58857979502196
"110",1980-09-12 02:00:00,4.26287115666179
"111",1980-09-12 02:00:00,1.75585944363104
"112",1980-09-14 02:00:00,1.98700585651537
"113",1980-09-15 02:00:00,1.66192532942899
"114",1980-09-15 02:00:00,7.61346998535871
"115",1980-09-15 02:00:00,1.794878477306
"116",1980-09-15 02:00:00,6.67481698389458
"117",1980-09-25 02:00:00,2.18594436310395
"118",1980-09-28 02:00:00,3.85505124450952
"119",1980-09-30 01:00:00,3.22108345534407
"120",1980-10-01 01:00:00,2.12298682284041
"121",1980-10-01 01:00:00,1.76029136163982
"122",1980-10-06 01:00:00,2.04165300146413
"123",1980-10-07 01:00:00,3.75593850658858
"124",1980-10-07 01:00:00,2.24211127379209
"125",1980-10-08 01:00:00,1.72111273792094
"126",1980-10-09 01:00:00,1.46412884333821
"127",1980-10-12 01:00:00,4.71189165446559
"128",1980-10-14 01:00:00,2.1538243045388
"129",1980-10-16 01:00:00,3.87481259150805
"130",1980-10-17 01:00:00,19.0702781844802
"131",1980-10-20 01:00:00,1.88726207906296
"132",1980-10-23 01:00:00,1.46412884333821
"133",1980-10-24 01:00:00,1.53616398243045
"134",1980-10-25 01:00:00,2.56006588579795
"135",1980-10-27 01:00:00,2.79970717423133
"136",1980-10-29 01:00:00,2.01317715959004
"137",1980-10-30 01:00:00,1.46412884333821
"138",1980-11-05 01:00:00,6.32503660322108
"139",1980-11-07 01:00:00,1.56730014641288
"140",1980-11-09 01:00:00,2.19619326500732
"141",1980-11-10 01:00:00,2.33528550512445
"142",1980-11-13 01:00:00,2.11566617862372
"143",1980-11-14 01:00:00,1.46954465592972
"144",1980-11-18 01:00:00,5.40263543191801
"145",1980-11-18 01:00:00,5.31478770131772
"146",1980-11-19 01:00:00,2.87262079062958
"147",1980-11-20 01:00:00,2.78184480234261
"148",1980-11-25 01:00:00,2.57682137628111
"149",1980-12-06 01:00:00,3.10102489019034
"150",1980-12-07 01:00:00,1.46412884333821
"151",1980-12-08 01:00:00,2.0497803806735
"152",1980-12-09 01:00:00,1.96193265007321
"153",1980-12-09 01:00:00,1.46412884333821
"154",1980-12-09 01:00:00,2.63543191800878
"155",1980-12-10 01:00:00,1.46412884333821
"156",1980-12-10 01:00:00,5.85651537335286
"157",1980-12-12 01:00:00,3.29428989751098
"158",1980-12-14 01:00:00,2.52085651537335
"159",1980-12-17 01:00:00,19.4729136163982
"160",1980-12-17 01:00:00,1.83546266471449
"161",1980-12-19 01:00:00,2.0497803806735
"162",1980-12-23 01:00:00,2.78330893118594
"163",1980-12-25 01:00:00,2.78184480234261
"164",1980-12-26 01:00:00,1.75695461200586
"165",1980-12-27 01:00:00,2.84040995607613
"166",1980-12-31 01:00:00,2.33089311859444
"167",1981-01-01 01:00:00,1.7562254259502
"168",1981-01-01 01:00:00,1.31454783748362
"169",1981-01-01 01:00:00,2.40397116644823
"170",1981-01-03 01:00:00,6.91563040629096
"171",1981-01-07 01:00:00,1.49187680209699
"172",1981-01-17 01:00:00,1.53239580602883
"173",1981-01-23 01:00:00,1.87386107470511
"174",1981-01-26 01:00:00,1.81520314547837
"175",1981-01-31 01:00:00,8.25688073394495
"176",1981-02-02 01:00:00,1.41020445609436
"177",1981-02-07 01:00:00,2.206625163827
"178",1981-02-10 01:00:00,34.1415465268676
"179",1981-02-10 01:00:00,2.44331061598951
"180",1981-02-13 01:00:00,3.59436959370904
"181",1981-02-13 01:00:00,2.37221494102228
"182",1981-02-15 01:00:00,3.6697247706422
"183",1981-02-17 01:00:00,6.88845347313237
"184",1981-02-19 01:00:00,1.80209698558322
"185",1981-02-19 01:00:00,1.44167758846658
"186",1981-02-23 01:00:00,9.1743119266055
"187",1981-02-27 01:00:00,2.09698558322412
"188",1981-03-01 01:00:00,2.81454783748362
"189",1981-03-01 01:00:00,1.68490301441678
"190",1981-03-04 01:00:00,2.09960681520315
"191",1981-03-09 01:00:00,2.62123197903014
"192",1981-03-10 01:00:00,1.37614678899083
"193",1981-03-12 01:00:00,1.66448230668414
"194",1981-03-13 01:00:00,2.35910878112713
"195",1981-03-16 01:00:00,4.1364875491481
"196",1981-03-19 01:00:00,1.39439580602883
"197",1981-03-23 01:00:00,1.80209698558322
"198",1981-03-24 01:00:00,1.81913499344692
"199",1981-03-24 01:00:00,1.51376146788991
"200",1981-03-27 01:00:00,3.08077326343381
"201",1981-04-01 02:00:00,20.9698558322412
"202",1981-04-10 02:00:00,4.19397116644823
"203",1981-04-13 02:00:00,1.86164351245085
"204",1981-04-18 02:00:00,2.49672346002621
"205",1981-04-20 02:00:00,2.21378112712975
"206",1981-04-20 02:00:00,5.24246395806029
"207",1981-04-22 02:00:00,1.32225425950197
"208",1981-04-23 02:00:00,8.55176933158585
"209",1981-04-24 02:00:00,1.96592398427261
"210",1981-04-25 02:00:00,12.8951507208388
"211",1981-04-26 02:00:00,1.78899082568807
"212",1981-04-26 02:00:00,2.17682699868938
"213",1981-04-27 02:00:00,8.77762778505898
"214",1981-04-27 02:00:00,1.81520314547837
"215",1981-04-29 02:00:00,1.68314023591088
"216",1981-04-29 02:00:00,3.6435124508519
"217",1981-05-02 02:00:00,1.61336828309305
"218",1981-05-03 02:00:00,1.46788990825688
"219",1981-05-05 02:00:00,1.40560419397117
"220",1981-05-06 02:00:00,3.12080340760157
"221",1981-05-11 02:00:00,1.59818086500655
"222",1981-05-13 02:00:00,3.80078636959371
"223",1981-05-14 02:00:00,1.51008912188729
"224",1981-05-16 02:00:00,1.57273918741809
"225",1981-05-16 02:00:00,1.83005242463958
"226",1981-05-21 02:00:00,2.62123197903014
"227",1981-05-21 02:00:00,2.80648099606815
"228",1981-05-23 02:00:00,1.35779816513761
"229",1981-05-24 02:00:00,1.61861074705111
"230",1981-05-25 02:00:00,1.96592398427261
"231",1981-05-28 02:00:00,3.02228047182176
"232",1981-05-29 02:00:00,56.2254259501966
"233",1981-05-31 02:00:00,4.98034076015727
"234",1981-06-02 02:00:00,1.9871625163827
"235",1981-06-14 02:00:00,1.96592398427261
"236",1981-06-16 02:00:00,2.71129226736566
"237",1981-06-17 02:00:00,1.90039318479685
"238",1981-06-18 02:00:00,1.72346002621232
"239",1981-06-18 02:00:00,1.57273918741809
"240",1981-06-19 02:00:00,1.70380078636959
"241",1981-06-19 02:00:00,3.01965923984273
"242",1981-06-21 02:00:00,1.8348623853211
"243",1981-06-24 02:00:00,1.41939711664482
"244",1981-06-29 02:00:00,4.39056356487549
"245",1981-06-30 02:00:00,7.86369593709043
"246",1981-07-01 02:00:00,1.57273918741809
"247",1981-07-01 02:00:00,1.33661336828309
"248",1981-07-05 02:00:00,1.70380078636959
"249",1981-07-07 02:00:00,2.63562254259502
"250",1981-07-10 02:00:00,1.86471821756225
"251",1981-07-11 02:00:00,1.45775491480996
"252",1981-07-11 02:00:00,7.55832241153342
"253",1981-07-12 02:00:00,2.03139711664482
"254",1981-07-20 02:00:00,1.34993446920052
"255",1981-07-26 02:00:00,1.4748623853211
"256",1981-07-28 02:00:00,5.11140235910878
"257",1981-07-30 02:00:00,5.24246395806029
"258",1981-07-31 02:00:00,1.44167758846658
"259",1981-08-04 02:00:00,3.93613892529489
"260",1981-08-05 02:00:00,4.06290956749672
"261",1981-08-11 02:00:00,1.37614678899083
"262",1981-08-19 02:00:00,1.68414154652687
"263",1981-08-19 02:00:00,1.44061992136304
"264",1981-08-25 02:00:00,1.36454914809961
"265",1981-08-25 02:00:00,1.57273918741809
"266",1981-08-27 02:00:00,2.18542201834862
"267",1981-08-27 02:00:00,3.28134600262123
"268",1981-08-27 02:00:00,1.36310091743119
"269",1981-08-28 02:00:00,2.12319790301442
"270",1981-08-28 02:00:00,2.63433813892529
"271",1981-08-28 02:00:00,2.09829619921363
"272",1981-08-29 02:00:00,3.43435255570118
"273",1981-09-01 02:00:00,1.47879554390564
"274",1981-09-02 02:00:00,2.62123197903014
"275",1981-09-03 02:00:00,3.00131061598951
"276",1981-09-04 02:00:00,1.42973394495413
"277",1981-09-06 02:00:00,10.2228047182176
"278",1981-09-09 02:00:00,2.57939580602883
"279",1981-09-09 02:00:00,1.75535910878113
"280",1981-09-10 02:00:00,1.47340498034076
"281",1981-09-11 02:00:00,1.95281782437746
"282",1981-09-14 02:00:00,1.77986893840105
"283",1981-09-15 02:00:00,1.9868623853211
"284",1981-09-16 02:00:00,1.93971166448231
"285",1981-09-17 02:00:00,1.6759003931848
"286",1981-09-17 02:00:00,1.57273918741809
"287",1981-09-19 02:00:00,2.52490170380079
"288",1981-09-19 02:00:00,14.6788990825688
"289",1981-09-20 02:00:00,3.03407601572739
"290",1981-09-21 02:00:00,1.97903014416776
"291",1981-09-22 02:00:00,5.93775884665793
"292",1981-09-26 02:00:00,1.44167758846658
"293",1981-09-29 01:00:00,2.62123197903014
"294",1981-10-01 01:00:00,2.03800786369594
"295",1981-10-03 01:00:00,3.75491480996068
"296",1981-10-07 01:00:00,2.43774574049803
"297",1981-10-07 01:00:00,1.70203145478375
"298",1981-10-11 01:00:00,7.10987024901704
"299",1981-10-15 01:00:00,2.01965923984273
"300",1981-10-17 01:00:00,1.85049017038008
"301",1981-10-18 01:00:00,1.4159501965924
"302",1981-10-22 01:00:00,7.69331585845347
"303",1981-10-25 01:00:00,3.01441677588467
"304",1981-10-27 01:00:00,2.35910878112713
"305",1981-10-28 01:00:00,1.59231585845347
"306",1981-11-01 01:00:00,1.38925294888598
"307",1981-11-01 01:00:00,1.33296854521625
"308",1981-11-03 01:00:00,1.42332896461337
"309",1981-11-03 01:00:00,2.97757142857143
"310",1981-11-05 01:00:00,1.38735517693316
"311",1981-11-05 01:00:00,1.40498034076016
"312",1981-11-08 01:00:00,2.62123197903014
"313",1981-11-13 01:00:00,4.27916120576671
"314",1981-11-15 01:00:00,1.60550458715596
"315",1981-11-16 01:00:00,2.01179554390564
"316",1981-11-17 01:00:00,2.26736566186107
"317",1981-11-17 01:00:00,1.4646500655308
"318",1981-11-19 01:00:00,3.37406553079948
"319",1981-11-22 01:00:00,1.4907994757536
"320",1981-11-24 01:00:00,2.09698558322412
"321",1981-11-25 01:00:00,1.57016644823067
"322",1981-11-25 01:00:00,1.37614678899083
"323",1981-12-01 01:00:00,3.14547837483617
"324",1981-12-07 01:00:00,8.45373525557012
"325",1981-12-10 01:00:00,3.03328309305373
"326",1981-12-13 01:00:00,2.06422018348624
"327",1981-12-14 01:00:00,6.42201834862385
"328",1981-12-14 01:00:00,1.8987876802097
"329",1981-12-18 01:00:00,1.49017038007864
"330",1981-12-21 01:00:00,50.0655307994758
"331",1981-12-21 01:00:00,1.55963302752294
"332",1981-12-22 01:00:00,1.96592398427261
"333",1981-12-28 01:00:00,1.80005242463958
"334",1981-12-29 01:00:00,2.42463958060288
"335",1981-12-29 01:00:00,1.31061598951507
"336",1981-12-31 01:00:00,1.61205766710354
"337",1982-01-06 01:00:00,4.22116527942925
"338",1982-01-08 01:00:00,1.26040428061831
"339",1982-01-08 01:00:00,1.40369322235434
"340",1982-01-09 01:00:00,1.29726516052319
"341",1982-01-13 01:00:00,1.92749227110583
"342",1982-01-13 01:00:00,1.91545778834721
"343",1982-01-14 01:00:00,1.207451843044
"344",1982-01-17 01:00:00,5.69858263971463
"345",1982-01-21 01:00:00,1.90249702734839
"346",1982-01-22 01:00:00,1.18913436385256
"347",1982-01-22 01:00:00,10.1780237812128
"348",1982-01-22 01:00:00,1.60207966706302
"349",1982-01-24 01:00:00,4.16171224732461
"350",1982-01-28 01:00:00,2.36304994054697
"351",1982-01-29 01:00:00,1.96504399524376
"352",1982-02-01 01:00:00,1.94598216409037
"353",1982-02-01 01:00:00,2.85374554102259
"354",1982-02-03 01:00:00,1.20243995243757
"355",1982-02-04 01:00:00,10.820451843044
"356",1982-02-04 01:00:00,1.58876337693222
"357",1982-02-04 01:00:00,2.09634958382878
"358",1982-02-05 01:00:00,5.46967895362664
"359",1982-02-07 01:00:00,1.89298454221165
"360",1982-02-08 01:00:00,2.0332936979786
"361",1982-02-09 01:00:00,1.60523186682521
"362",1982-02-16 01:00:00,1.40309155766944
"363",1982-02-22 01:00:00,1.19500594530321
"364",1982-02-25 01:00:00,3.2461355529132
"365",1982-02-27 01:00:00,1.26312247324614
"366",1982-02-27 01:00:00,2.97265160523187
"367",1982-02-28 01:00:00,1.20495005945303
"368",1982-02-28 01:00:00,1.88127348394768
"369",1982-02-28 01:00:00,1.78359096313912
"370",1982-03-07 01:00:00,3.92390011890606
"371",1982-03-07 01:00:00,1.90249702734839
"372",1982-03-10 01:00:00,1.66468489892985
"373",1982-03-10 01:00:00,4.45282520808561
"374",1982-03-19 01:00:00,1.32362068965517
"375",1982-03-20 01:00:00,1.60523186682521
"376",1982-03-22 01:00:00,24.9702734839477
"377",1982-03-25 01:00:00,2.73483947681332
"378",1982-03-29 02:00:00,1.78359096313912
"379",1982-04-05 02:00:00,1.81093935790725
"380",1982-04-05 02:00:00,2.1141498216409
"381",1982-04-11 02:00:00,1.39120095124851
"382",1982-04-12 02:00:00,1.34601664684899
"383",1982-04-12 02:00:00,1.5073840665874
"384",1982-04-14 02:00:00,1.94048751486326
"385",1982-04-14 02:00:00,2.56979785969084
"386",1982-04-18 02:00:00,1.58076575505351
"387",1982-04-18 02:00:00,1.48751486325803
"388",1982-04-20 02:00:00,1.52199762187872
"389",1982-04-21 02:00:00,1.69084423305589
"390",1982-04-22 02:00:00,1.78359096313912
"391",1982-04-24 02:00:00,1.25886563614744
"392",1982-04-24 02:00:00,1.57374791914388
"393",1982-04-24 02:00:00,1.46730083234245
"394",1982-04-25 02:00:00,2.71370511296076
"395",1982-04-25 02:00:00,2.73602853745541
"396",1982-04-27 02:00:00,1.45659928656361
"397",1982-04-28 02:00:00,2.13743162901308
"398",1982-04-28 02:00:00,2.4790903686088
"399",1982-05-01 02:00:00,2.37812128418549
"400",1982-05-01 02:00:00,4.63733650416171
"401",1982-05-02 02:00:00,1.18906064209275
"402",1982-05-03 02:00:00,1.54577883472057
"403",1982-05-08 02:00:00,2.34244946492271
"404",1982-05-12 02:00:00,2.33769322235434
"405",1982-05-16 02:00:00,1.39714625445898
"406",1982-05-23 02:00:00,4.22116527942925
"407",1982-05-31 02:00:00,1.63995243757432
"408",1982-06-03 02:00:00,1.21878715814507
"409",1982-06-06 02:00:00,3.68608799048751
"410",1982-06-07 02:00:00,2.49702734839477
"411",1982-06-08 02:00:00,2.49702734839477
"412",1982-06-10 02:00:00,5.23186682520809
"413",1982-06-10 02:00:00,1.30796670630202
"414",1982-06-11 02:00:00,1.26812485136742
"415",1982-06-16 02:00:00,2.16527942925089
"416",1982-06-17 02:00:00,4.64019262782402
"417",1982-06-17 02:00:00,2.97265160523187
"418",1982-06-22 02:00:00,1.66468489892985
"419",1982-06-24 02:00:00,1.18906064209275
"420",1982-06-27 02:00:00,11.8906064209275
"421",1982-07-01 02:00:00,2.86563614744352
"422",1982-07-01 02:00:00,1.24436741973841
"423",1982-07-03 02:00:00,1.72413793103448
"424",1982-07-11 02:00:00,5.69560047562426
"425",1982-07-14 02:00:00,1.35956956004756
"426",1982-07-14 02:00:00,7.07491082045184
"427",1982-07-15 02:00:00,1.40347562425684
"428",1982-07-15 02:00:00,1.40241854934602
"429",1982-07-19 02:00:00,1.31985731272295
"430",1982-07-21 02:00:00,4.32058858501784
"431",1982-07-24 02:00:00,1.84304399524376
"432",1982-07-24 02:00:00,1.41498216409037
"433",1982-07-26 02:00:00,1.48632580261593
"434",1982-07-27 02:00:00,4.94603210463734
"435",1982-07-28 02:00:00,1.91319857312723
"436",1982-07-29 02:00:00,20.0499405469679
"437",1982-07-29 02:00:00,1.43650772889417
"438",1982-07-31 02:00:00,5.5077288941736
"439",1982-08-01 02:00:00,3.21046373365042
"440",1982-08-02 02:00:00,1.39932818073722
"441",1982-08-04 02:00:00,5.00173483947681
"442",1982-08-04 02:00:00,3.44827586206897
"443",1982-08-05 02:00:00,3.55648038049941
"444",1982-08-05 02:00:00,1.35756837098692
"445",1982-08-06 02:00:00,2.1315112960761
"446",1982-08-06 02:00:00,1.84188585017836
"447",1982-08-07 02:00:00,1.4268727705113
"448",1982-08-09 02:00:00,2.41759809750297
"449",1982-08-11 02:00:00,1.25215457788347
"450",1982-08-12 02:00:00,1.89970273483948
"451",1982-08-13 02:00:00,1.55918311533888
"452",1982-08-20 02:00:00,1.24925326991677
"453",1982-08-21 02:00:00,1.90324137931034
"454",1982-08-23 02:00:00,1.60523186682521
"455",1982-08-24 02:00:00,2.22965873959572
"456",1982-08-27 02:00:00,1.2128418549346
"457",1982-08-30 02:00:00,3.44827586206897
"458",1982-09-03 02:00:00,1.24326753864447
"459",1982-09-06 02:00:00,1.67493103448276
"460",1982-09-08 02:00:00,1.35315101070155
"461",1982-09-10 02:00:00,1.78754458977408
"462",1982-09-10 02:00:00,2.03686087990488
"463",1982-09-13 02:00:00,1.97384066587396
"464",1982-09-14 02:00:00,1.64090368608799
"465",1982-09-18 02:00:00,2.9099322235434
"466",1982-09-18 02:00:00,2.55095838287753
"467",1982-09-19 02:00:00,1.80737217598098
"468",1982-09-20 02:00:00,4.00257788347206
"469",1982-09-22 02:00:00,1.4268727705113
"470",1982-09-28 01:00:00,2.34311177170036
"471",1982-09-30 01:00:00,1.38882282996433
"472",1982-10-01 01:00:00,4.17360285374554
"473",1982-10-03 01:00:00,1.27853745541023
"474",1982-10-04 01:00:00,3.55885850178359
"475",1982-10-06 01:00:00,1.2001498216409
"476",1982-10-16 01:00:00,1.55123424494649
"477",1982-10-24 01:00:00,1.69961950059453
"478",1982-10-24 01:00:00,65.7074910820452
"479",1982-10-27 01:00:00,27.262594530321
"480",1982-10-27 01:00:00,15.9262782401903
"481",1982-10-31 01:00:00,1.27949702734839
"482",1982-11-01 01:00:00,3.09844114149822
"483",1982-11-06 01:00:00,2.94696195005945
"484",1982-11-07 01:00:00,1.22473246135553
"485",1982-11-08 01:00:00,1.66468489892985
"486",1982-11-09 01:00:00,1.3196016646849
"487",1982-11-11 01:00:00,1.51659928656361
"488",1982-11-11 01:00:00,1.27323067776457
"489",1982-11-11 01:00:00,1.66468489892985
"490",1982-11-13 01:00:00,1.30796670630202
"491",1982-11-15 01:00:00,5.46967895362664
"492",1982-11-20 01:00:00,1.24851367419738
"493",1982-11-21 01:00:00,1.98682520808561
"494",1982-11-22 01:00:00,1.4268727705113
"495",1982-11-23 01:00:00,1.4268727705113
"496",1982-11-23 01:00:00,2.1640903686088
"497",1982-11-24 01:00:00,2.14030915576694
"498",1982-11-25 01:00:00,1.30796670630202
"499",1982-11-25 01:00:00,1.4983840665874
"500",1982-11-27 01:00:00,1.6884661117717
"501",1982-12-01 01:00:00,1.83994887039239
"502",1982-12-02 01:00:00,4.37574316290131
"503",1982-12-02 01:00:00,1.7866920332937
"504",1982-12-07 01:00:00,1.65594411414982
"505",1982-12-09 01:00:00,1.18906064209275
"506",1982-12-10 01:00:00,3.8507598097503
"507",1982-12-10 01:00:00,4.16171224732461
"508",1982-12-20 01:00:00,2.14030915576694
"509",1982-12-20 01:00:00,2.14030915576694
"510",1982-12-20 01:00:00,2.61593341260404
"511",1982-12-23 01:00:00,4.16171224732461
"512",1982-12-24 01:00:00,22.258225921522
"513",1982-12-25 01:00:00,2.25921521997622
"514",1982-12-25 01:00:00,4.28061831153389
"515",1982-12-25 01:00:00,1.30624732461356
"516",1982-12-27 01:00:00,5.58858501783591
"517",1982-12-31 01:00:00,2.79429250891795
"518",1983-01-03 01:00:00,1.44160177975528
"519",1983-01-03 01:00:00,1.34964627363737
"520",1983-01-07 01:00:00,1.5650723025584
"521",1983-01-09 01:00:00,1.11234705228031
"522",1983-01-10 01:00:00,2.81016351501669
"523",1983-01-15 01:00:00,1.78345272525028
"524",1983-01-18 01:00:00,2.12869855394883
"525",1983-01-19 01:00:00,4.34927697441602
"526",1983-01-23 01:00:00,2.71078976640712
"527",1983-01-24 01:00:00,1.13459399332592
"528",1983-01-25 01:00:00,2.62368631813126
"529",1983-01-30 01:00:00,2.39377085650723
"530",1983-02-03 01:00:00,6.23470522803115
"531",1983-02-08 01:00:00,1.37819799777531
"532",1983-02-09 01:00:00,1.21690767519466
"533",1983-02-11 01:00:00,1.16351501668521
"534",1983-02-12 01:00:00,2.45940711902113
"535",1983-02-14 01:00:00,4.72747497219132
"536",1983-02-14 01:00:00,1.55728587319244
"537",1983-02-17 01:00:00,1.30700778642937
"538",1983-02-18 01:00:00,3.14349276974416
"539",1983-02-20 01:00:00,1.19710789766407
"540",1983-02-21 01:00:00,1.16796440489433
"541",1983-02-24 01:00:00,1.11234705228031
"542",1983-03-18 01:00:00,1.7797552836485
"543",1983-03-21 01:00:00,1.64740266963293
"544",1983-03-21 01:00:00,1.72369187986652
"545",1983-03-22 01:00:00,5.56173526140156
"546",1983-03-23 01:00:00,1.33481646273637
"547",1983-03-24 01:00:00,1.4460511679644
"548",1983-03-28 02:00:00,1.33481646273637
"549",1983-04-01 02:00:00,1.59065628476085
"550",1983-04-05 02:00:00,1.11234705228031
"551",1983-04-06 02:00:00,3.03243604004449
"552",1983-04-10 02:00:00,3.78642936596218
"553",1983-04-11 02:00:00,2.22469410456062
"554",1983-04-12 02:00:00,2.44716351501669
"555",1983-04-15 02:00:00,10.0111234705228
"556",1983-04-17 02:00:00,1.16354727474972
"557",1983-04-18 02:00:00,1.11234705228031
"558",1983-04-18 02:00:00,3.15286318131257
"559",1983-04-20 02:00:00,3.72636262513904
"560",1983-04-21 02:00:00,4.44938820912125
"561",1983-04-21 02:00:00,2.28126362625139
"562",1983-04-24 02:00:00,3.559510567297
"563",1983-05-04 02:00:00,4.44938820912125
"564",1983-05-10 02:00:00,1.2091212458287
"565",1983-05-13 02:00:00,1.15684093437152
"566",1983-05-14 02:00:00,2.22469410456062
"567",1983-05-17 02:00:00,1.24026696329255
"568",1983-05-18 02:00:00,1.15925583982202
"569",1983-05-24 02:00:00,1.66852057842047
"570",1983-05-27 02:00:00,3.33704115684093
"571",1983-05-29 02:00:00,10.0723025583982
"572",1983-06-06 02:00:00,2.1412680756396
"573",1983-06-07 02:00:00,1.47497219132369
"574",1983-06-10 02:00:00,1.11234705228031
"575",1983-06-10 02:00:00,1.68965517241379
"576",1983-06-17 02:00:00,1.66852057842047
"577",1983-06-19 02:00:00,1.61735261401557
"578",1983-06-22 02:00:00,1.11234705228031
"579",1983-06-23 02:00:00,2.16907675194661
"580",1983-06-24 02:00:00,1.49388209121246
"581",1983-06-29 02:00:00,1.40823136818687
"582",1983-07-01 02:00:00,2.5027808676307
"583",1983-07-03 02:00:00,2.25806451612903
"584",1983-07-03 02:00:00,3.72636262513904
"585",1983-07-04 02:00:00,1.89369966629588
"586",1983-07-04 02:00:00,1.70411568409344
"587",1983-07-07 02:00:00,2.34285428253615
"588",1983-07-08 02:00:00,1.94660734149054
"589",1983-07-12 02:00:00,1.27919911012236
"590",1983-07-15 02:00:00,1.51069632925473
"591",1983-07-17 02:00:00,2.44716351501669
"592",1983-07-18 02:00:00,3.67519466073415
"593",1983-07-19 02:00:00,2.37824137931034
"594",1983-07-20 02:00:00,1.7741935483871
"595",1983-07-20 02:00:00,1.51512791991101
"596",1983-07-25 02:00:00,2.23470522803115
"597",1983-07-25 02:00:00,1.81646273637375
"598",1983-08-02 02:00:00,3.44827586206897
"599",1983-08-05 02:00:00,4.67185761957731
"600",1983-08-09 02:00:00,1.15684093437152
"601",1983-08-16 02:00:00,1.22358175750834
"602",1983-08-16 02:00:00,4.07892992213571
"603",1983-08-17 02:00:00,1.19243604004449
"604",1983-08-22 02:00:00,1.20409343715239
"605",1983-08-22 02:00:00,2.55839822024472
"606",1983-08-22 02:00:00,1.61846496106785
"607",1983-08-23 02:00:00,1.82202447163515
"608",1983-08-25 02:00:00,1.61056395995551
"609",1983-08-25 02:00:00,1.86095661846496
"610",1983-08-25 02:00:00,7.99207007786429
"611",1983-08-28 02:00:00,1.7853170189099
"612",1983-08-30 02:00:00,4.89432703003337
"613",1983-08-31 02:00:00,2.52057842046719
"614",1983-08-31 02:00:00,1.39488320355951
"615",1983-08-31 02:00:00,1.39043381535039
"616",1983-09-01 02:00:00,1.29717908787542
"617",1983-09-01 02:00:00,3.67074527252503
"618",1983-09-03 02:00:00,3.87652947719689
"619",1983-09-03 02:00:00,3.587319243604
"620",1983-09-04 02:00:00,1.43795439377086
"621",1983-09-05 02:00:00,1.17527474972191
"622",1983-09-08 02:00:00,1.50166852057842
"623",1983-09-09 02:00:00,1.50600333704116
"624",1983-09-13 02:00:00,5.92547274749722
"625",1983-09-16 02:00:00,12.6318131256952
"626",1983-09-16 02:00:00,3.06117908787542
"627",1983-09-17 02:00:00,1.43604004449388
"628",1983-09-18 02:00:00,2.27919911012236
"629",1983-09-18 02:00:00,1.49176640711902
"630",1983-09-19 02:00:00,6.91655394883203
"631",1983-09-21 02:00:00,1.60422914349277
"632",1983-09-25 02:00:00,1.66852057842047
"633",1983-09-25 02:00:00,1.15721134593993
"634",1983-09-27 01:00:00,1.32035595105673
"635",1983-09-29 01:00:00,3.44827586206897
"636",1983-10-01 01:00:00,1.97576195773081
"637",1983-10-02 01:00:00,1.85650723025584
"638",1983-10-03 01:00:00,2.00222469410456
"639",1983-10-03 01:00:00,5.30050389321468
"640",1983-10-05 01:00:00,4.00444938820912
"641",1983-10-06 01:00:00,1.12446829810901
"642",1983-10-07 01:00:00,1.54649499443826
"643",1983-10-11 01:00:00,2.55839822024472
"644",1983-10-20 01:00:00,1.47916573971079
"645",1983-10-22 01:00:00,1.25939933259177
"646",1983-10-22 01:00:00,3.1979977753059
"647",1983-10-24 01:00:00,3.11457174638487
"648",1983-10-27 01:00:00,1.31256952169077
"649",1983-11-01 01:00:00,5.67296996662959
"650",1983-11-13 01:00:00,13.3481646273637
"651",1983-11-15 01:00:00,11.4315906562848
"652",1983-11-16 01:00:00,4.25917686318131
"653",1983-11-23 01:00:00,3.36682647385984
"654",1983-11-25 01:00:00,1.11234705228031
"655",1983-11-26 01:00:00,1.11234705228031
"656",1983-11-28 01:00:00,1.4460511679644
"657",1983-11-30 01:00:00,2.07311457174638
"658",1983-12-07 01:00:00,1.22358175750834
"659",1983-12-15 01:00:00,1.61290322580645
"660",1983-12-17 01:00:00,1.31924360400445
"661",1983-12-19 01:00:00,1.12903225806452
"662",1983-12-20 01:00:00,2.33592880978865
"663",1983-12-23 01:00:00,1.72413793103448
"664",1983-12-24 01:00:00,11.1234705228031
"665",1983-12-25 01:00:00,1.66852057842047
"666",1983-12-25 01:00:00,1.55728587319244
"667",1983-12-27 01:00:00,1.55728587319244
"668",1983-12-27 01:00:00,1.93331145717464
"669",1983-12-27 01:00:00,1.72413793103448
"670",1983-12-30 01:00:00,1.50166852057842
"671",1984-01-01 01:00:00,2.20743455497382
"672",1984-01-01 01:00:00,1.04712041884817
"673",1984-01-02 01:00:00,1.4253612565445
"674",1984-01-04 01:00:00,1.36125654450262
"675",1984-01-07 01:00:00,9.31413612565445
"676",1984-01-08 01:00:00,1.64489005235602
"677",1984-01-09 01:00:00,2.61780104712042
"678",1984-01-10 01:00:00,2.54111204188482
"679",1984-01-14 01:00:00,1.57068062827225
"680",1984-01-15 01:00:00,1.2565445026178
"681",1984-01-31 01:00:00,1.4586387434555
"682",1984-02-06 01:00:00,1.04712041884817
"683",1984-02-07 01:00:00,2.23141361256544
"684",1984-02-07 01:00:00,2.19895287958115
"685",1984-02-16 01:00:00,5.0261780104712
"686",1984-02-25 01:00:00,2.40837696335079
"687",1984-02-28 01:00:00,1.6521780104712
"688",1984-02-29 01:00:00,1.15183246073298
"689",1984-03-06 01:00:00,1.31968376963351
"690",1984-03-06 01:00:00,2.70157068062827
"691",1984-03-06 01:00:00,2.54450261780105
"692",1984-03-07 01:00:00,2.35602094240838
"693",1984-03-07 01:00:00,1.2565445026178
"694",1984-03-08 01:00:00,1.67539267015707
"695",1984-03-09 01:00:00,1.36125654450262
"696",1984-03-12 01:00:00,3.87434554973822
"697",1984-03-15 01:00:00,1.7696335078534
"698",1984-03-17 01:00:00,1.11832460732984
"699",1984-03-17 01:00:00,2.20942408376963
"700",1984-03-19 01:00:00,1.09842931937173
"701",1984-03-25 01:00:00,1.15183246073298
"702",1984-03-27 02:00:00,2.9637497382199
"703",1984-03-28 02:00:00,11.6230366492147
"704",1984-03-28 02:00:00,14.2931937172775
"705",1984-04-03 02:00:00,1.28795811518325
"706",1984-04-07 02:00:00,1.46596858638743
"707",1984-04-14 02:00:00,13.6230366492147
"708",1984-04-19 02:00:00,1.12984293193717
"709",1984-04-19 02:00:00,2.40314136125654
"710",1984-04-22 02:00:00,5.44502617801047
"711",1984-04-25 02:00:00,1.0469109947644
"712",1984-04-26 02:00:00,1.05916230366492
"713",1984-04-26 02:00:00,2.09424083769634
"714",1984-04-26 02:00:00,1.85549738219895
"715",1984-04-27 02:00:00,1.57068062827225
"716",1984-04-27 02:00:00,1.93717277486911
"717",1984-04-30 02:00:00,2.20314136125654
"718",1984-05-02 02:00:00,2.46073298429319
"719",1984-05-12 02:00:00,1.4276167539267
"720",1984-05-12 02:00:00,1.73507853403141
"721",1984-05-13 02:00:00,4.08376963350785
"722",1984-05-14 02:00:00,2.15706806282723
"723",1984-05-19 02:00:00,1.46596858638743
"724",1984-05-20 02:00:00,1.16858638743456
"725",1984-05-20 02:00:00,1.22513089005236
"726",1984-05-29 02:00:00,1.15183246073298
"727",1984-06-01 02:00:00,3.7696335078534
"728",1984-06-01 02:00:00,1.09505235602094
"729",1984-06-04 02:00:00,1.20418848167539
"730",1984-06-07 02:00:00,2.61780104712042
"731",1984-06-08 02:00:00,1.87120418848168
"732",1984-06-08 02:00:00,4.3979057591623
"733",1984-06-08 02:00:00,4.60732984293194
"734",1984-06-11 02:00:00,18.6464837696335
"735",1984-06-14 02:00:00,1.04712041884817
"736",1984-06-18 02:00:00,1.04712041884817
"737",1984-06-19 02:00:00,1.04712041884817
"738",1984-06-19 02:00:00,15.8115183246073
"739",1984-06-22 02:00:00,1.98952879581152
"740",1984-06-24 02:00:00,1.04712041884817
"741",1984-06-24 02:00:00,1.2565445026178
"742",1984-07-01 02:00:00,1.15183246073298
"743",1984-07-05 02:00:00,1.07329842931937
"744",1984-07-09 02:00:00,1.19442094240838
"745",1984-07-12 02:00:00,1.0643612565445
"746",1984-07-12 02:00:00,1.38429319371728
"747",1984-07-12 02:00:00,1.13089005235602
"748",1984-07-15 02:00:00,1.15183246073298
"749",1984-07-17 02:00:00,1.79371727748691
"750",1984-07-20 02:00:00,1.1413612565445
"751",1984-07-23 02:00:00,1.6329057591623
"752",1984-07-27 02:00:00,2.64397905759162
"753",1984-08-01 02:00:00,1.28689633507853
"754",1984-08-01 02:00:00,4.45026178010471
"755",1984-08-01 02:00:00,1.23664921465969
"756",1984-08-02 02:00:00,1.95916230366492
"757",1984-08-04 02:00:00,1.1910502617801
"758",1984-08-05 02:00:00,1.3144335078534
"759",1984-08-07 02:00:00,1.98952879581152
"760",1984-08-09 02:00:00,1.64957068062827
"761",1984-08-10 02:00:00,2.72251308900524
"762",1984-08-11 02:00:00,1.13242094240838
"763",1984-08-16 02:00:00,1.78010471204188
"764",1984-08-17 02:00:00,1.60732984293194
"765",1984-08-20 02:00:00,1.20418848167539
"766",1984-08-20 02:00:00,1.07329842931937
"767",1984-08-20 02:00:00,1.09947643979058
"768",1984-08-21 02:00:00,1.40628272251309
"769",1984-08-21 02:00:00,1.96544502617801
"770",1984-08-26 02:00:00,3.36319057591623
"771",1984-08-28 02:00:00,1.57068062827225
"772",1984-08-28 02:00:00,1.2565445026178
"773",1984-08-29 02:00:00,2.76244083769634
"774",1984-08-31 02:00:00,1.06648586387435
"775",1984-08-31 02:00:00,1.37795078534031
"776",1984-09-02 02:00:00,1.30025340314136
"777",1984-09-04 02:00:00,1.31937172774869
"778",1984-09-05 02:00:00,3.40314136125654
"779",1984-09-09 02:00:00,1.36125654450262
"780",1984-09-09 02:00:00,1.17801047120419
"781",1984-09-10 02:00:00,4.29319371727749
"782",1984-09-11 02:00:00,4.80837696335078
"783",1984-09-11 02:00:00,1.09947643979058
"784",1984-09-14 02:00:00,2.21989528795812
"785",1984-09-15 02:00:00,2.61780104712042
"786",1984-09-18 02:00:00,1.43449633507853
"787",1984-09-23 02:00:00,1.04712041884817
"788",1984-09-26 02:00:00,2.5130890052356
"789",1984-09-26 02:00:00,1.62145968586387
"790",1984-09-28 02:00:00,19.1623036649215
"791",1984-09-30 02:00:00,1.57068062827225
"792",1984-10-01 01:00:00,2.30366492146597
"793",1984-10-03 01:00:00,1.84555497382199
"794",1984-10-04 01:00:00,1.04712041884817
"795",1984-10-04 01:00:00,1.98952879581152
"796",1984-10-06 01:00:00,2.82722513089005
"797",1984-10-08 01:00:00,1.2565445026178
"798",1984-10-09 01:00:00,3.97905759162304
"799",1984-10-10 01:00:00,1.36125654450262
"800",1984-10-10 01:00:00,1.63350785340314
"801",1984-10-24 01:00:00,18.848167539267
"802",1984-10-28 01:00:00,1.12565445026178
"803",1984-10-29 01:00:00,5.3055780104712
"804",1984-11-01 01:00:00,1.72774869109948
"805",1984-11-02 01:00:00,1.16534240837696
"806",1984-11-04 01:00:00,1.15183246073298
"807",1984-11-05 01:00:00,1.2565445026178
"808",1984-11-07 01:00:00,3.56858638743455
"809",1984-11-07 01:00:00,7.23560209424084
"810",1984-11-07 01:00:00,1.57068062827225
"811",1984-11-10 01:00:00,7.64397905759162
"812",1984-11-13 01:00:00,2.12200314136126
"813",1984-11-14 01:00:00,2.93193717277487
"814",1984-11-15 01:00:00,1.28795811518325
"815",1984-11-17 01:00:00,1.06800732984293
"816",1984-11-17 01:00:00,1.27561465968586
"817",1984-11-23 01:00:00,1.62303664921466
"818",1984-11-23 01:00:00,2.67015706806283
"819",1984-12-02 01:00:00,1.2565445026178
"820",1984-12-03 01:00:00,1.10304816753927
"821",1984-12-03 01:00:00,1.20418848167539
"822",1984-12-08 01:00:00,1.15183246073298
"823",1984-12-08 01:00:00,1.8848167539267
"824",1984-12-10 01:00:00,7.53926701570681
"825",1984-12-11 01:00:00,1.09947643979058
"826",1984-12-12 01:00:00,1.57068062827225
"827",1984-12-13 01:00:00,2.67015706806283
"828",1984-12-17 01:00:00,1.15183246073298
"829",1984-12-19 01:00:00,3.87434554973822
"830",1984-12-22 01:00:00,5.0261780104712
"831",1984-12-28 01:00:00,1.78010471204188
"832",1984-12-29 01:00:00,4.76439790575916
"833",1984-12-31 01:00:00,1.15183246073298
"834",1985-01-01 01:00:00,1.5
"835",1985-01-03 01:00:00,1.251
"836",1985-01-04 01:00:00,1.03
"837",1985-01-05 01:00:00,1.05
"838",1985-01-05 01:00:00,1.9
"839",1985-01-05 01:00:00,1.1
"840",1985-01-06 01:00:00,1.88175
"841",1985-01-07 01:00:00,1.007
"842",1985-01-07 01:00:00,1.63
"843",1985-01-07 01:00:00,1.025
"844",1985-01-08 01:00:00,1.007274
"845",1985-01-08 01:00:00,3.5
"846",1985-01-10 01:00:00,2.9
"847",1985-01-11 01:00:00,2.463137
"848",1985-01-11 01:00:00,4.625
"849",1985-01-11 01:00:00,1.03
"850",1985-01-11 01:00:00,1.4
"851",1985-01-12 01:00:00,1.077075
"852",1985-01-12 01:00:00,1.32
"853",1985-01-13 01:00:00,2.6
"854",1985-01-13 01:00:00,1.08
"855",1985-01-14 01:00:00,1.517
"856",1985-01-16 01:00:00,1.07
"857",1985-01-17 01:00:00,2.256823
"858",1985-01-20 01:00:00,1.788413
"859",1985-01-22 01:00:00,1.278896
"860",1985-01-24 01:00:00,4.609074
"861",1985-01-25 01:00:00,3.183
"862",1985-01-28 01:00:00,1.2
"863",1985-01-28 01:00:00,2.743
"864",1985-01-30 01:00:00,3
"865",1985-01-31 01:00:00,1.008938
"866",1985-02-08 01:00:00,1.004084
"867",1985-02-10 01:00:00,1.85
"868",1985-02-11 01:00:00,1.520994
"869",1985-02-11 01:00:00,1.250089
"870",1985-02-11 01:00:00,1
"871",1985-02-12 01:00:00,1.956
"872",1985-02-14 01:00:00,1.05
"873",1985-02-15 01:00:00,2.779
"874",1985-02-16 01:00:00,22.137567
"875",1985-02-17 01:00:00,1.445
"876",1985-02-17 01:00:00,1.0051
"877",1985-02-19 01:00:00,1
"878",1985-02-19 01:00:00,1
"879",1985-02-20 01:00:00,16.3
"880",1985-02-20 01:00:00,1.11
"881",1985-02-21 01:00:00,1.475
"882",1985-02-21 01:00:00,1.049873
"883",1985-02-23 01:00:00,1.753542
"884",1985-02-25 01:00:00,6.143355
"885",1985-02-27 01:00:00,1.23
"886",1985-03-03 01:00:00,1.939
"887",1985-03-04 01:00:00,46.5
"888",1985-03-05 01:00:00,1.241472
"889",1985-03-11 01:00:00,3.4
"890",1985-03-12 01:00:00,1
"891",1985-03-17 01:00:00,6.2
"892",1985-03-19 01:00:00,1.966237
"893",1985-03-20 01:00:00,2.17
"894",1985-03-22 01:00:00,1.296
"895",1985-03-23 01:00:00,1.555
"896",1985-03-27 01:00:00,1.15
"897",1985-03-28 01:00:00,1.33
"898",1985-03-28 01:00:00,4.124285
"899",1985-04-11 02:00:00,1.394239
"900",1985-04-12 02:00:00,4.761228
"901",1985-04-14 02:00:00,4.868852
"902",1985-04-19 02:00:00,4
"903",1985-04-21 02:00:00,1.6
"904",1985-04-24 02:00:00,7.085
"905",1985-04-26 02:00:00,1.765054
"906",1985-04-27 02:00:00,6.306654
"907",1985-04-28 02:00:00,1.25
"908",1985-04-28 02:00:00,1.2
"909",1985-04-29 02:00:00,1.226412
"910",1985-04-30 02:00:00,6.563
"911",1985-04-30 02:00:00,4.17
"912",1985-05-02 02:00:00,2.68
"913",1985-05-02 02:00:00,1.075
"914",1985-05-04 02:00:00,1.932957
"915",1985-05-05 02:00:00,1.375
"916",1985-05-06 02:00:00,1.25
"917",1985-05-07 02:00:00,3.38
"918",1985-05-09 02:00:00,1.3801
"919",1985-05-14 02:00:00,2.283
"920",1985-05-15 02:00:00,2.35
"921",1985-05-26 02:00:00,3.15
"922",1985-05-27 02:00:00,3.35
"923",1985-05-28 02:00:00,4
"924",1985-05-28 02:00:00,10.5
"925",1985-05-29 02:00:00,2.89
"926",1985-05-31 02:00:00,5.5
"927",1985-05-31 02:00:00,2.8
"928",1985-06-01 02:00:00,1.26
"929",1985-06-02 02:00:00,1.1
"930",1985-06-06 02:00:00,2.126759
"931",1985-06-10 02:00:00,2.2
"932",1985-06-11 02:00:00,1.07
"933",1985-06-12 02:00:00,9.2
"934",1985-06-13 02:00:00,1.5
"935",1985-06-15 02:00:00,1.65
"936",1985-06-16 02:00:00,12.225
"937",1985-06-18 02:00:00,1.4
"938",1985-06-19 02:00:00,14.239
"939",1985-06-22 02:00:00,1.085
"940",1985-06-22 02:00:00,1.05
"941",1985-06-27 02:00:00,2.65
"942",1985-06-27 02:00:00,2.123
"943",1985-06-28 02:00:00,5.2
"944",1985-06-28 02:00:00,1.825
"945",1985-06-29 02:00:00,1.1
"946",1985-07-02 02:00:00,1
"947",1985-07-02 02:00:00,2.065
"948",1985-07-06 02:00:00,1.2774
"949",1985-07-06 02:00:00,1.195
"950",1985-07-07 02:00:00,1.2
"951",1985-07-07 02:00:00,1.1
"952",1985-07-08 02:00:00,1.4
"953",1985-07-13 02:00:00,1.585
"954",1985-07-15 02:00:00,3.265042
"955",1985-07-15 02:00:00,1.2
"956",1985-07-16 02:00:00,2.433
"957",1985-07-22 02:00:00,1.6
"958",1985-07-28 02:00:00,2
"959",1985-08-02 02:00:00,4.76
"960",1985-08-03 02:00:00,1.165
"961",1985-08-04 02:00:00,1.372
"962",1985-08-06 02:00:00,1.2
"963",1985-08-06 02:00:00,1.65
"964",1985-08-06 02:00:00,1.7
"965",1985-08-07 02:00:00,1.3
"966",1985-08-14 02:00:00,1.1
"967",1985-08-16 02:00:00,1.1
"968",1985-08-19 02:00:00,1.241012
"969",1985-08-19 02:00:00,1.005
"970",1985-08-20 02:00:00,3.282
"971",1985-08-21 02:00:00,1.05
"972",1985-08-23 02:00:00,57.410636
"973",1985-08-24 02:00:00,1.088
"974",1985-08-24 02:00:00,1.118
"975",1985-08-25 02:00:00,2.67
"976",1985-08-28 02:00:00,1.0749
"977",1985-08-30 02:00:00,2.141
"978",1985-08-31 02:00:00,5.85
"979",1985-09-02 02:00:00,14.3
"980",1985-09-04 02:00:00,1.971
"981",1985-09-07 02:00:00,1.7
"982",1985-09-08 02:00:00,6.167
"983",1985-09-11 02:00:00,1.05
"984",1985-09-12 02:00:00,1.156058
"985",1985-09-13 02:00:00,3.58215
"986",1985-09-15 02:00:00,13.5
"987",1985-09-19 02:00:00,1.2015
"988",1985-09-19 02:00:00,1.65
"989",1985-09-23 02:00:00,1.3776
"990",1985-09-24 02:00:00,3.8
"991",1985-09-25 02:00:00,1.3255
"992",1985-09-25 02:00:00,4.05
"993",1985-09-29 02:00:00,6.7
"994",1985-10-02 01:00:00,1.16
"995",1985-10-03 01:00:00,1.5
"996",1985-10-06 01:00:00,1.06
"997",1985-10-10 01:00:00,1.491287
"998",1985-10-11 01:00:00,1.981813
"999",1985-10-12 01:00:00,1.5
"1000",1985-10-12 01:00:00,3.21436
"1001",1985-10-12 01:00:00,4.1
"1002",1985-10-13 01:00:00,1
"1003",1985-10-16 01:00:00,10.7
"1004",1985-10-17 01:00:00,19.4
"1005",1985-10-17 01:00:00,1.605603
"1006",1985-10-18 01:00:00,1.132
"1007",1985-10-18 01:00:00,2.255
"1008",1985-10-19 01:00:00,2.02
"1009",1985-10-20 01:00:00,1.231
"1010",1985-10-22 01:00:00,4.1
"1011",1985-10-25 01:00:00,7.23
"1012",1985-10-26 01:00:00,1.85
"1013",1985-10-29 01:00:00,1
"1014",1985-10-30 01:00:00,2.56
"1015",1985-11-05 01:00:00,1.553
"1016",1985-11-05 01:00:00,1.7
"1017",1985-11-06 01:00:00,1.045472
"1018",1985-11-06 01:00:00,1.054
"1019",1985-11-10 01:00:00,1
"1020",1985-11-13 01:00:00,8.71
"1021",1985-11-16 01:00:00,1.5
"1022",1985-11-17 01:00:00,1.5
"1023",1985-11-18 01:00:00,1.26106
"1024",1985-11-19 01:00:00,1.055
"1025",1985-11-27 01:00:00,1.282
"1026",1985-11-29 01:00:00,1.3
"1027",1985-12-03 01:00:00,1.3
"1028",1985-12-04 01:00:00,1.422078
"1029",1985-12-06 01:00:00,1
"1030",1985-12-07 01:00:00,1.2
"1031",1985-12-08 01:00:00,1.85
"1032",1985-12-10 01:00:00,1.18
"1033",1985-12-11 01:00:00,1.043
"1034",1985-12-11 01:00:00,1
"1035",1985-12-11 01:00:00,1.6
"1036",1985-12-11 01:00:00,5.6
"1037",1985-12-16 01:00:00,1.8
"1038",1985-12-18 01:00:00,2.5
"1039",1985-12-20 01:00:00,1.75
"1040",1985-12-29 01:00:00,1.45
"1041",1986-01-02 01:00:00,1.46094503375121
"1042",1986-01-03 01:00:00,1.15718418514947
"1043",1986-01-04 01:00:00,1.49575699132112
"1044",1986-01-05 01:00:00,5.20732883317261
"1045",1986-01-07 01:00:00,3.68370298939248
"1046",1986-01-09 01:00:00,1.44648023143684
"1047",1986-01-11 01:00:00,1.03865766634523
"1048",1986-01-12 01:00:00,1.25361620057859
"1049",1986-01-13 01:00:00,1.06075216972035
"1050",1986-01-13 01:00:00,1.39826422372228
"1051",1986-01-14 01:00:00,1.39826422372228
"1052",1986-01-14 01:00:00,2.41080038572806
"1053",1986-01-16 01:00:00,1.44185149469624
"1054",1986-01-16 01:00:00,1.63934426229508
"1055",1986-01-19 01:00:00,1.05062680810029
"1056",1986-01-21 01:00:00,1.75506268081003
"1057",1986-01-24 01:00:00,4.4840887174542
"1058",1986-01-27 01:00:00,1.67791706846673
"1059",1986-01-27 01:00:00,1.06075216972035
"1060",1986-01-30 01:00:00,1
"1061",1986-01-31 01:00:00,3.08293153326905
"1062",1986-02-01 01:00:00,1.27772420443587
"1063",1986-02-04 01:00:00,1.20732883317261
"1064",1986-02-04 01:00:00,1.92864030858245
"1065",1986-02-05 01:00:00,1.00289296046287
"1066",1986-02-05 01:00:00,1.08968177434908
"1067",1986-02-07 01:00:00,1.75812921890068
"1068",1986-02-11 01:00:00,1.44648023143684
"1069",1986-02-12 01:00:00,1.59112825458052
"1070",1986-02-12 01:00:00,1.10896817743491
"1071",1986-02-13 01:00:00,1.02310993249759
"1072",1986-02-14 01:00:00,2.00096432015429
"1073",1986-02-15 01:00:00,1.31431051108968
"1074",1986-02-16 01:00:00,2.06846673095468
"1075",1986-02-16 01:00:00,3.08582449373192
"1076",1986-02-18 01:00:00,6.79845708775313
"1077",1986-02-19 01:00:00,1.63934426229508
"1078",1986-02-21 01:00:00,1.63934426229508
"1079",1986-02-28 01:00:00,1.22950819672131
"1080",1986-02-28 01:00:00,1.7357762777242
"1081",1986-02-28 01:00:00,2.82341658630665
"1082",1986-03-01 01:00:00,2.50723240115718
"1083",1986-03-03 01:00:00,1.86673963355834
"1084",1986-03-03 01:00:00,4.43587270973963
"1085",1986-03-04 01:00:00,1.92864030858245
"1086",1986-03-04 01:00:00,1.06075216972035
"1087",1986-03-05 01:00:00,1.74146576663452
"1088",1986-03-07 01:00:00,3.08582449373192
"1089",1986-03-08 01:00:00,12.0540019286403
"1090",1986-03-08 01:00:00,1.15718418514947
"1091",1986-03-09 01:00:00,2.41080038572806
"1092",1986-03-10 01:00:00,1.55834136933462
"1093",1986-03-16 01:00:00,1.35004821600771
"1094",1986-03-19 01:00:00,3.18225650916104
"1095",1986-03-19 01:00:00,1.90066345226615
"1096",1986-03-19 01:00:00,2.31436837029894
"1097",1986-03-22 01:00:00,3.70781099324976
"1098",1986-03-23 01:00:00,3.20636451301832
"1099",1986-03-30 01:00:00,1.06075216972035
"1100",1986-04-01 02:00:00,1.44648023143684
"1101",1986-04-02 02:00:00,1.15718418514947
"1102",1986-04-02 02:00:00,5.20732883317261
"1103",1986-04-02 02:00:00,3.66441658630665
"1104",1986-04-03 02:00:00,1.65922854387657
"1105",1986-04-03 02:00:00,2.50723240115718
"1106",1986-04-07 02:00:00,3.19189971070395
"1107",1986-04-07 02:00:00,16.4416586306654
"1108",1986-04-08 02:00:00,1.08293153326905
"1109",1986-04-08 02:00:00,2.41080038572806
"1110",1986-04-10 02:00:00,3.66924783027965
"1111",1986-04-10 02:00:00,1.18129218900675
"1112",1986-04-10 02:00:00,29.0260366441659
"1113",1986-04-11 02:00:00,4.91803278688525
"1114",1986-04-11 02:00:00,1.14850530376085
"1115",1986-04-16 02:00:00,1.54291224686596
"1116",1986-04-17 02:00:00,1.56702025072324
"1117",1986-04-18 02:00:00,1.25361620057859
"1118",1986-04-19 02:00:00,1.54291224686596
"1119",1986-04-22 02:00:00,1.83220829315333
"1120",1986-04-24 02:00:00,1.66345226615236
"1121",1986-04-26 02:00:00,1.27772420443587
"1122",1986-04-27 02:00:00,2.44358919961427
"1123",1986-04-28 02:00:00,2.89296046287367
"1124",1986-04-30 02:00:00,3.13404050144648
"1125",1986-05-01 02:00:00,2.60366441658631
"1126",1986-05-02 02:00:00,3.78977820636451
"1127",1986-05-03 02:00:00,1.90260366441659
"1128",1986-05-03 02:00:00,3.7704387656702
"1129",1986-05-05 02:00:00,1.16682738669238
"1130",1986-05-06 02:00:00,1.18900675024108
"1131",1986-05-07 02:00:00,1.32111861137898
"1132",1986-05-12 02:00:00,1.7357762777242
"1133",1986-05-12 02:00:00,12.5361620057859
"1134",1986-05-13 02:00:00,1.32111861137898
"1135",1986-05-15 02:00:00,1.15718418514947
"1136",1986-05-16 02:00:00,5.78592092574735
"1137",1986-05-21 02:00:00,1.83220829315333
"1138",1986-05-21 02:00:00,1.38897974927676
"1139",1986-05-22 02:00:00,1.20540019286403
"1140",1986-05-24 02:00:00,1.10896817743491
"1141",1986-05-28 02:00:00,1.72935776277724
"1142",1986-05-30 02:00:00,1.63934426229508
"1143",1986-06-01 02:00:00,1.08764802314368
"1144",1986-06-06 02:00:00,1.54291224686596
"1145",1986-06-09 02:00:00,1.43201542912247
"1146",1986-06-10 02:00:00,2.16972034715526
"1147",1986-06-14 02:00:00,5.40019286403086
"1148",1986-06-20 02:00:00,5.78592092574735
"1149",1986-06-22 02:00:00,1.35004821600771
"1150",1986-06-22 02:00:00,6.07521697203472
"1151",1986-06-26 02:00:00,18.3220829315333
"1152",1986-06-26 02:00:00,1.15718418514947
"1153",1986-06-29 02:00:00,1.59112825458052
"1154",1986-06-30 02:00:00,1.92864030858245
"1155",1986-06-30 02:00:00,1.44648023143684
"1156",1986-06-30 02:00:00,1.67791706846673
"1157",1986-06-30 02:00:00,1.15718418514947
"1158",1986-07-01 02:00:00,1.01099807135969
"1159",1986-07-01 02:00:00,2.84474445515911
"1160",1986-07-02 02:00:00,1.7357762777242
"1161",1986-07-04 02:00:00,1.15043394406943
"1162",1986-07-05 02:00:00,2.50723240115718
"1163",1986-07-06 02:00:00,2.89296046287367
"1164",1986-07-08 02:00:00,2.09739633558341
"1165",1986-07-11 02:00:00,2.08649951783992
"1166",1986-07-13 02:00:00,1.44648023143684
"1167",1986-07-15 02:00:00,2.15028929604629
"1168",1986-07-17 02:00:00,1.12209257473481
"1169",1986-07-18 02:00:00,1.65863066538091
"1170",1986-07-20 02:00:00,1.69720347155256
"1171",1986-07-22 02:00:00,1.59112825458052
"1172",1986-07-22 02:00:00,5.78592092574735
"1173",1986-07-22 02:00:00,1.05593056894889
"1174",1986-07-30 02:00:00,1.44648023143684
"1175",1986-07-31 02:00:00,2.89296046287367
"1176",1986-08-01 02:00:00,1.15718418514947
"1177",1986-08-01 02:00:00,1.1205400192864
"1178",1986-08-03 02:00:00,1.15718418514947
"1179",1986-08-03 02:00:00,1.20337512054002
"1180",1986-08-04 02:00:00,5.5930568948891
"1181",1986-08-04 02:00:00,1.43297974927676
"1182",1986-08-04 02:00:00,1.26432015429122
"1183",1986-08-05 02:00:00,1.39922854387657
"1184",1986-08-07 02:00:00,1.14770395371263
"1185",1986-08-13 02:00:00,1.23823432979749
"1186",1986-08-15 02:00:00,1.75988428158149
"1187",1986-08-16 02:00:00,1.54291224686596
"1188",1986-08-16 02:00:00,2.12150433944069
"1189",1986-08-17 02:00:00,1.54291224686596
"1190",1986-08-18 02:00:00,1.25361620057859
"1191",1986-08-18 02:00:00,1.92864030858245
"1192",1986-08-22 02:00:00,1.33076181292189
"1193",1986-08-28 02:00:00,1.92864030858245
"1194",1986-08-30 02:00:00,1.10896817743491
"1195",1986-09-02 02:00:00,2.02507232401157
"1196",1986-09-03 02:00:00,8.67888138862102
"1197",1986-09-07 02:00:00,2.21793635486982
"1198",1986-09-07 02:00:00,1.30183220829315
"1199",1986-09-08 02:00:00,1.12389681774349
"1200",1986-09-09 02:00:00,1.72757955641273
"1201",1986-09-09 02:00:00,1.374156219865
"1202",1986-09-10 02:00:00,1.00695756991321
"1203",1986-09-12 02:00:00,8.10028929604629
"1204",1986-09-13 02:00:00,1.00289296046287
"1205",1986-09-13 02:00:00,1.17164898746384
"1206",1986-09-16 02:00:00,10.2700096432015
"1207",1986-09-17 02:00:00,1.27139537126326
"1208",1986-09-17 02:00:00,2.89296046287367
"1209",1986-09-18 02:00:00,3.34523240115718
"1210",1986-09-20 02:00:00,1.06075216972035
"1211",1986-09-20 02:00:00,2.89296046287367
"1212",1986-09-22 02:00:00,1.12150433944069
"1213",1986-09-24 02:00:00,1.69720347155256
"1214",1986-09-24 02:00:00,1.71648987463838
"1215",1986-09-25 02:00:00,1.10241080038573
"1216",1986-09-26 02:00:00,17.0684667309547
"1217",1986-09-27 02:00:00,2.60366441658631
"1218",1986-09-28 02:00:00,1.25361620057859
"1219",1986-09-28 02:00:00,3.56798457087753
"1220",1986-09-30 01:00:00,1.4946962391514
"1221",1986-10-03 01:00:00,1.63934426229508
"1222",1986-10-03 01:00:00,1.72227579556413
"1223",1986-10-03 01:00:00,2.35101253616201
"1224",1986-10-03 01:00:00,1.68756027000964
"1225",1986-10-03 01:00:00,1.47058823529412
"1226",1986-10-06 01:00:00,2.31436837029894
"1227",1986-10-06 01:00:00,1.25361620057859
"1228",1986-10-07 01:00:00,1.14442912246866
"1229",1986-10-11 01:00:00,1.20540019286403
"1230",1986-10-15 01:00:00,2.60270009643202
"1231",1986-10-16 01:00:00,2.94179363548698
"1232",1986-10-17 01:00:00,2.18129218900675
"1233",1986-10-19 01:00:00,1.44648023143684
"1234",1986-10-23 01:00:00,4.82160077145612
"1235",1986-10-26 01:00:00,3.83799421407907
"1236",1986-10-26 01:00:00,1.35004821600771
"1237",1986-10-28 01:00:00,1.54291224686596
"1238",1986-10-28 01:00:00,1.15718418514947
"1239",1986-10-29 01:00:00,1.92864030858245
"1240",1986-10-30 01:00:00,2.2420443587271
"1241",1986-10-30 01:00:00,1.2632594021215
"1242",1986-10-30 01:00:00,1.01253616200579
"1243",1986-10-31 01:00:00,1.92864030858245
"1244",1986-11-03 01:00:00,1.13789778206365
"1245",1986-11-03 01:00:00,1.03760848601736
"1246",1986-11-04 01:00:00,1.25361620057859
"1247",1986-11-06 01:00:00,2.18756027000964
"1248",1986-11-07 01:00:00,4.76729508196721
"1249",1986-11-08 01:00:00,1.54291224686596
"1250",1986-11-09 01:00:00,1.06075216972035
"1251",1986-11-10 01:00:00,2.75216972034716
"1252",1986-11-24 01:00:00,3.18225650916104
"1253",1986-11-24 01:00:00,1.44648023143684
"1254",1986-11-26 01:00:00,1.92864030858245
"1255",1986-11-29 01:00:00,1.59112825458052
"1256",1986-12-01 01:00:00,3.08582449373192
"1257",1986-12-02 01:00:00,4.09836065573771
"1258",1986-12-03 01:00:00,1.88042430086789
"1259",1986-12-04 01:00:00,2.41080038572806
"1260",1986-12-04 01:00:00,1.01253616200579
"1261",1986-12-05 01:00:00,1.92864030858245
"1262",1986-12-07 01:00:00,1.06075216972035
"1263",1986-12-12 01:00:00,1.63934426229508
"1264",1986-12-13 01:00:00,1.12825458052073
"1265",1986-12-13 01:00:00,1.44648023143684
"1266",1986-12-14 01:00:00,1.44648023143684
"1267",1986-12-18 01:00:00,2.89296046287367
"1268",1986-12-18 01:00:00,1.38862102217936
"1269",1986-12-21 01:00:00,1.63934426229508
"1270",1986-12-22 01:00:00,2.0221793635487
"1271",1986-12-23 01:00:00,1.70515911282546
"1272",1986-12-24 01:00:00,1.05110896817744
"1273",1986-12-25 01:00:00,17.7434908389585
"1274",1986-12-27 01:00:00,1.15718418514947
"1275",1986-12-28 01:00:00,3.8572806171649
"1276",1986-12-29 01:00:00,1.70515911282546
"1277",1986-12-29 01:00:00,1.35004821600771
"1278",1986-12-30 01:00:00,5.49662487945998
"1279",1987-01-01 01:00:00,1.02319109461967
"1280",1987-01-01 01:00:00,1.30426716141002
"1281",1987-01-02 01:00:00,1.06679035250464
"1282",1987-01-05 01:00:00,1.80890538033395
"1283",1987-01-07 01:00:00,3.24675324675325
"1284",1987-01-08 01:00:00,1.41743970315399
"1285",1987-01-09 01:00:00,2.49072356215213
"1286",1987-01-09 01:00:00,1.01113172541744
"1287",1987-01-09 01:00:00,2.97124304267161
"1288",1987-01-10 01:00:00,3.00463821892393
"1289",1987-01-11 01:00:00,1.42022263450835
"1290",1987-01-11 01:00:00,2.23376623376623
"1291",1987-01-11 01:00:00,1.39795918367347
"1292",1987-01-11 01:00:00,2.31910946196661
"1293",1987-01-11 01:00:00,2.85250463821892
"1294",1987-01-12 01:00:00,1.99443413729128
"1295",1987-01-12 01:00:00,1.74211502782931
"1296",1987-01-13 01:00:00,1.64656771799629
"1297",1987-01-14 01:00:00,2.97309833024119
"1298",1987-01-14 01:00:00,1.11317254174397
"1299",1987-01-16 01:00:00,1.48423005565863
"1300",1987-01-17 01:00:00,1.11317254174397
"1301",1987-01-18 01:00:00,1.14935064935065
"1302",1987-01-19 01:00:00,3.18460111317254
"1303",1987-01-19 01:00:00,2.22634508348794
"1304",1987-01-19 01:00:00,3.8961038961039
"1305",1987-01-21 01:00:00,1.43784786641929
"1306",1987-01-21 01:00:00,2.3682745825603
"1307",1987-01-22 01:00:00,1.02133580705009
"1308",1987-01-22 01:00:00,1.02040816326531
"1309",1987-01-24 01:00:00,2.73654916512059
"1310",1987-01-24 01:00:00,23.2838589981447
"1311",1987-01-25 01:00:00,1.39146567717996
"1312",1987-01-25 01:00:00,1.39146567717996
"1313",1987-01-26 01:00:00,2.04081632653061
"1314",1987-01-26 01:00:00,1.02040816326531
"1315",1987-01-30 01:00:00,2.1530612244898
"1316",1987-02-02 01:00:00,1.06679035250464
"1317",1987-02-06 01:00:00,1.39146567717996
"1318",1987-02-06 01:00:00,1.45918367346939
"1319",1987-02-09 01:00:00,4.99072356215213
"1320",1987-02-09 01:00:00,1.05751391465677
"1321",1987-02-10 01:00:00,4.12801484230056
"1322",1987-02-11 01:00:00,1.07699443413729
"1323",1987-02-12 01:00:00,1.50278293135436
"1324",1987-02-13 01:00:00,1.02133580705009
"1325",1987-02-15 01:00:00,4.5
"1326",1987-02-16 01:00:00,3.10760667903525
"1327",1987-02-18 01:00:00,2.25417439703154
"1328",1987-02-19 01:00:00,1.75788497217069
"1329",1987-02-21 01:00:00,1.39888682745826
"1330",1987-02-22 01:00:00,1.25231910946197
"1331",1987-02-25 01:00:00,4.49814471243043
"1332",1987-02-27 01:00:00,2.41187384044527
"1333",1987-03-02 01:00:00,2.10575139146568
"1334",1987-03-02 01:00:00,3.18831168831169
"1335",1987-03-05 01:00:00,3.68460111317254
"1336",1987-03-07 01:00:00,1.57699443413729
"1337",1987-03-08 01:00:00,1.65120593692022
"1338",1987-03-08 01:00:00,2.52319109461967
"1339",1987-03-11 01:00:00,1.66975881261596
"1340",1987-03-12 01:00:00,1.90445269016698
"1341",1987-03-20 01:00:00,1.85528756957328
"1342",1987-03-22 01:00:00,1.62337662337662
"1343",1987-03-26 01:00:00,1.85528756957328
"1344",1987-03-28 01:00:00,2.31910946196661
"1345",1987-03-29 01:00:00,1.43784786641929
"1346",1987-03-30 02:00:00,3.03803339517625
"1347",1987-03-30 02:00:00,1.2569573283859
"1348",1987-04-01 02:00:00,1.24489795918367
"1349",1987-04-01 02:00:00,3.8961038961039
"1350",1987-04-02 02:00:00,1.11317254174397
"1351",1987-04-04 02:00:00,1.28014842300557
"1352",1987-04-05 02:00:00,6.58627087198516
"1353",1987-04-06 02:00:00,1.08534322820037
"1354",1987-04-06 02:00:00,1.60667903525046
"1355",1987-04-07 02:00:00,1.2987012987013
"1356",1987-04-09 02:00:00,1.76252319109462
"1357",1987-04-13 02:00:00,1.11317254174397
"1358",1987-04-17 02:00:00,1.25046382189239
"1359",1987-04-17 02:00:00,1.23562152133581
"1360",1987-04-18 02:00:00,1.11317254174397
"1361",1987-04-24 02:00:00,4.82374768089054
"1362",1987-04-24 02:00:00,2.42578849721707
"1363",1987-04-25 02:00:00,3.14749536178108
"1364",1987-04-26 02:00:00,1.61873840445269
"1365",1987-04-27 02:00:00,1.52133580705009
"1366",1987-04-28 02:00:00,1.85528756957328
"1367",1987-04-29 02:00:00,7.14285714285714
"1368",1987-04-30 02:00:00,1.21706864564007
"1369",1987-05-02 02:00:00,1.11317254174397
"1370",1987-05-04 02:00:00,1.57699443413729
"1371",1987-05-06 02:00:00,1.62337662337662
"1372",1987-05-06 02:00:00,1.76252319109462
"1373",1987-05-13 02:00:00,1.39146567717996
"1374",1987-05-14 02:00:00,1.1595547309833
"1375",1987-05-14 02:00:00,11.1317254174397
"1376",1987-05-16 02:00:00,1.11317254174397
"1377",1987-05-22 02:00:00,1.85528756957328
"1378",1987-05-23 02:00:00,1.66975881261596
"1379",1987-05-23 02:00:00,12.5231910946197
"1380",1987-05-24 02:00:00,2.04081632653061
"1381",1987-05-28 02:00:00,5.75139146567718
"1382",1987-05-28 02:00:00,5.56586270871985
"1383",1987-05-29 02:00:00,5.75139146567718
"1384",1987-05-30 02:00:00,1.11317254174397
"1385",1987-06-01 02:00:00,4.17439703153989
"1386",1987-06-03 02:00:00,8.8126159554731
"1387",1987-06-03 02:00:00,3.78014842300557
"1388",1987-06-05 02:00:00,32.4675324675325
"1389",1987-06-06 02:00:00,2.08719851576994
"1390",1987-06-08 02:00:00,3.29313543599258
"1391",1987-06-08 02:00:00,3.33951762523191
"1392",1987-06-10 02:00:00,1.39053803339518
"1393",1987-06-11 02:00:00,1.62337662337662
"1394",1987-06-13 02:00:00,4.45269016697588
"1395",1987-06-14 02:00:00,1.05380333951763
"1396",1987-06-16 02:00:00,1.39146567717996
"1397",1987-06-24 02:00:00,1.39146567717996
"1398",1987-06-25 02:00:00,1.66975881261596
"1399",1987-06-25 02:00:00,1.69016697588126
"1400",1987-07-01 02:00:00,1.31725417439703
"1401",1987-07-06 02:00:00,4.40630797773655
"1402",1987-07-06 02:00:00,1.39146567717996
"1403",1987-07-06 02:00:00,2.13358070500928
"1404",1987-07-08 02:00:00,1.20593692022263
"1405",1987-07-12 02:00:00,1.36363636363636
"1406",1987-07-15 02:00:00,2.39795918367347
"1407",1987-07-17 02:00:00,3.24675324675325
"1408",1987-07-19 02:00:00,1.069573283859
"1409",1987-07-28 02:00:00,2.87569573283859
"1410",1987-07-30 02:00:00,1.02040816326531
"1411",1987-07-30 02:00:00,1.11317254174397
"1412",1987-08-04 02:00:00,1.81632653061224
"1413",1987-08-06 02:00:00,1.35621521335807
"1414",1987-08-07 02:00:00,1.48423005565863
"1415",1987-08-07 02:00:00,2.78293135435993
"1416",1987-08-11 02:00:00,1.61410018552876
"1417",1987-08-17 02:00:00,29.0371057513915
"1418",1987-08-18 02:00:00,18.5528756957328
"1419",1987-08-22 02:00:00,2.50463821892393
"1420",1987-08-24 02:00:00,3.06122448979592
"1421",1987-08-25 02:00:00,1.16419294990724
"1422",1987-09-02 02:00:00,1.11317254174397
"1423",1987-09-06 02:00:00,1.36363636363636
"1424",1987-09-09 02:00:00,1.0760667903525
"1425",1987-09-12 02:00:00,1.51205936920223
"1426",1987-09-15 02:00:00,1.84786641929499
"1427",1987-09-15 02:00:00,16.8831168831169
"1428",1987-09-16 02:00:00,1.39146567717996
"1429",1987-09-18 02:00:00,1.90166975881262
"1430",1987-09-18 02:00:00,1.44897959183673
"1431",1987-09-19 02:00:00,1.76808905380334
"1432",1987-09-19 02:00:00,1.02040816326531
"1433",1987-09-21 02:00:00,1.57977736549165
"1434",1987-09-22 02:00:00,1.20593692022263
"1435",1987-09-24 02:00:00,1.51669758812616
"1436",1987-09-24 02:00:00,1.02040816326531
"1437",1987-09-24 02:00:00,1.85528756957328
"1438",1987-09-27 02:00:00,1.20593692022263
"1439",1987-09-28 01:00:00,1.02040816326531
"1440",1987-09-30 01:00:00,1.22448979591837
"1441",1987-10-03 01:00:00,1.00463821892393
"1442",1987-10-03 01:00:00,7.79220779220779
"1443",1987-10-03 01:00:00,1.34972170686456
"1444",1987-10-05 01:00:00,27.8293135435993
"1445",1987-10-05 01:00:00,4.17439703153989
"1446",1987-10-06 01:00:00,5.89981447124304
"1447",1987-10-08 01:00:00,1.00649350649351
"1448",1987-10-11 01:00:00,1.50742115027829
"1449",1987-10-11 01:00:00,1.20593692022263
"1450",1987-10-12 01:00:00,1.11317254174397
"1451",1987-10-12 01:00:00,12.0593692022263
"1452",1987-10-14 01:00:00,2.31910946196661
"1453",1987-10-16 01:00:00,3.33951762523191
"1454",1987-10-17 01:00:00,1.1595547309833
"1455",1987-10-18 01:00:00,2.37291280148423
"1456",1987-10-19 01:00:00,1.09647495361781
"1457",1987-10-20 01:00:00,1.10482374768089
"1458",1987-10-22 01:00:00,1.25231910946197
"1459",1987-10-24 01:00:00,3.65027829313544
"1460",1987-10-25 01:00:00,1.39146567717996
"1461",1987-10-26 01:00:00,1.2987012987013
"1462",1987-10-27 01:00:00,6.30797773654916
"1463",1987-10-30 01:00:00,9.46196660482375
"1464",1987-10-30 01:00:00,2.87569573283859
"1465",1987-10-31 01:00:00,1.68367346938776
"1466",1987-11-01 01:00:00,3.48144712430427
"1467",1987-11-01 01:00:00,7.60667903525046
"1468",1987-11-03 01:00:00,1.39146567717996
"1469",1987-11-05 01:00:00,3.8961038961039
"1470",1987-11-06 01:00:00,1.1252319109462
"1471",1987-11-07 01:00:00,11.595547309833
"1472",1987-11-08 01:00:00,3.07699443413729
"1473",1987-11-11 01:00:00,2.11502782931354
"1474",1987-11-14 01:00:00,1.85528756957328
"1475",1987-11-15 01:00:00,1.7569573283859
"1476",1987-11-16 01:00:00,1.48423005565863
"1477",1987-11-18 01:00:00,3.06122448979592
"1478",1987-11-21 01:00:00,1.57699443413729
"1479",1987-11-29 01:00:00,1.73469387755102
"1480",1987-12-02 01:00:00,1.76252319109462
"1481",1987-12-02 01:00:00,1.28942486085343
"1482",1987-12-06 01:00:00,1.46846011131725
"1483",1987-12-07 01:00:00,5.19480519480519
"1484",1987-12-07 01:00:00,1.94805194805195
"1485",1987-12-09 01:00:00,4.11873840445269
"1486",1987-12-09 01:00:00,4.96289424860853
"1487",1987-12-12 01:00:00,5.10204081632653
"1488",1987-12-12 01:00:00,1.34508348794063
"1489",1987-12-12 01:00:00,1.07513914656772
"1490",1987-12-13 01:00:00,7.10111317254174
"1491",1987-12-13 01:00:00,2.07050092764378
"1492",1987-12-14 01:00:00,2.41187384044527
"1493",1987-12-14 01:00:00,1.23747680890538
"1494",1987-12-16 01:00:00,2.04081632653061
"1495",1987-12-17 01:00:00,1.2987012987013
"1496",1987-12-17 01:00:00,2.89424860853432
"1497",1987-12-17 01:00:00,1.06679035250464
"1498",1987-12-19 01:00:00,1.39146567717996
"1499",1987-12-19 01:00:00,1.53061224489796
"1500",1987-12-20 01:00:00,1.04823747680891
"1501",1987-12-23 01:00:00,1.17810760667904
"1502",1987-12-29 01:00:00,1.34508348794063
"1503",1987-12-30 01:00:00,2.04081632653061
"1504",1987-12-31 01:00:00,1.66975881261596
"1505",1988-01-01 01:00:00,1.61845607808341
"1506",1988-01-01 01:00:00,1.02750665483585
"1507",1988-01-03 01:00:00,16.4152617568767
"1508",1988-01-04 01:00:00,1.50842945874002
"1509",1988-01-08 01:00:00,1.68589174800355
"1510",1988-01-10 01:00:00,1.33096716947649
"1511",1988-01-15 01:00:00,2.30700976042591
"1512",1988-01-19 01:00:00,1.92014196983141
"1513",1988-01-20 01:00:00,3.77107364685004
"1514",1988-01-21 01:00:00,1.15350488021295
"1515",1988-01-22 01:00:00,5.09405501330967
"1516",1988-01-23 01:00:00,2.95652173913043
"1517",1988-01-23 01:00:00,1.79858030168589
"1518",1988-01-23 01:00:00,1.5527950310559
"1519",1988-01-25 01:00:00,1.33096716947649
"1520",1988-01-26 01:00:00,1.88731144631766
"1521",1988-01-29 01:00:00,1.77462289263531
"1522",1988-01-30 01:00:00,1.33096716947649
"1523",1988-02-01 01:00:00,6.01597160603372
"1524",1988-02-06 01:00:00,3.26175687666371
"1525",1988-02-09 01:00:00,1.16681455190772
"1526",1988-02-10 01:00:00,2.52085181898846
"1527",1988-02-11 01:00:00,1.29370008873114
"1528",1988-02-14 01:00:00,18.4241348713398
"1529",1988-02-17 01:00:00,1.06477373558119
"1530",1988-02-19 01:00:00,1.95563442768412
"1531",1988-02-19 01:00:00,2.04081632653061
"1532",1988-02-21 01:00:00,7.98580301685892
"1533",1988-02-22 01:00:00,3.49689440993789
"1534",1988-02-29 01:00:00,6.51109139307897
"1535",1988-02-29 01:00:00,1.25998225377107
"1536",1988-03-02 01:00:00,1.85359361135759
"1537",1988-03-03 01:00:00,1.5527950310559
"1538",1988-03-07 01:00:00,1.26708074534161
"1539",1988-03-08 01:00:00,2.12954747116238
"1540",1988-03-09 01:00:00,2.70629991126886
"1541",1988-03-12 01:00:00,1.5527950310559
"1542",1988-03-12 01:00:00,1.33096716947649
"1543",1988-03-14 01:00:00,1.46761313220941
"1544",1988-03-14 01:00:00,2.30700976042591
"1545",1988-03-18 01:00:00,1.90771960958296
"1546",1988-03-19 01:00:00,1.24223602484472
"1547",1988-03-21 01:00:00,1.2111801242236
"1548",1988-03-24 01:00:00,1.99645075421473
"1549",1988-03-25 01:00:00,38.1543921916593
"1550",1988-04-06 02:00:00,2.12954747116238
"1551",1988-04-09 02:00:00,2.48447204968944
"1552",1988-04-12 02:00:00,1.69032830523514
"1553",1988-04-13 02:00:00,1.76574977817214
"1554",1988-04-14 02:00:00,1.53859804791482
"1555",1988-04-14 02:00:00,1.68589174800355
"1556",1988-04-16 02:00:00,1.24223602484472
"1557",1988-04-19 02:00:00,1.33096716947649
"1558",1988-04-20 02:00:00,1.98225377107365
"1559",1988-04-20 02:00:00,1.86335403726708
"1560",1988-04-23 02:00:00,1.88553682342502
"1561",1988-04-24 02:00:00,5.21029281277728
"1562",1988-04-24 02:00:00,1.15350488021295
"1563",1988-04-24 02:00:00,1.7888198757764
"1564",1988-04-26 02:00:00,5.76752440106477
"1565",1988-04-26 02:00:00,1.33096716947649
"1566",1988-04-26 02:00:00,6.83229813664596
"1567",1988-04-29 02:00:00,1.3620230700976
"1568",1988-04-29 02:00:00,3.54924578527063
"1569",1988-04-30 02:00:00,1.37533274179237
"1570",1988-04-30 02:00:00,2.30700976042591
"1571",1988-05-08 02:00:00,2.66193433895297
"1572",1988-05-08 02:00:00,7.54214729370009
"1573",1988-05-09 02:00:00,5.68145519077196
"1574",1988-05-09 02:00:00,9.22803904170364
"1575",1988-05-11 02:00:00,1.08074534161491
"1576",1988-05-11 02:00:00,1.61224489795918
"1577",1988-05-12 02:00:00,1.24223602484472
"1578",1988-05-12 02:00:00,1.3566992014197
"1579",1988-05-12 02:00:00,1.50842945874002
"1580",1988-05-13 02:00:00,2.30700976042591
"1581",1988-05-15 02:00:00,1.37533274179237
"1582",1988-05-16 02:00:00,1.5527950310559
"1583",1988-05-17 02:00:00,27.338065661047
"1584",1988-05-19 02:00:00,1.23779946761313
"1585",1988-05-23 02:00:00,1.19254658385093
"1586",1988-05-25 02:00:00,1.27772848269743
"1587",1988-05-26 02:00:00,1.33096716947649
"1588",1988-05-26 02:00:00,7.54214729370009
"1589",1988-05-27 02:00:00,2.22360248447205
"1590",1988-05-27 02:00:00,1.15350488021295
"1591",1988-05-29 02:00:00,1.78793256433008
"1592",1988-05-29 02:00:00,1.43744454303461
"1593",1988-05-29 02:00:00,6.14019520851819
"1594",1988-05-30 02:00:00,1.61668145519077
"1595",1988-05-31 02:00:00,2.09405501330967
"1596",1988-05-31 02:00:00,11.8012422360248
"1597",1988-06-01 02:00:00,2.97249334516415
"1598",1988-06-03 02:00:00,1.95208518189885
"1599",1988-06-03 02:00:00,2.48802129547471
"1600",1988-06-05 02:00:00,3.99290150842946
"1601",1988-06-05 02:00:00,2.22271517302573
"1602",1988-06-05 02:00:00,25.2883762200532
"1603",1988-06-06 02:00:00,2.44010647737356
"1604",1988-06-06 02:00:00,3.72670807453416
"1605",1988-06-06 02:00:00,3.75244010647737
"1606",1988-06-10 02:00:00,1.64152617568767
"1607",1988-06-13 02:00:00,1.24223602484472
"1608",1988-06-15 02:00:00,1.24223602484472
"1609",1988-06-16 02:00:00,4.43655723158829
"1610",1988-06-21 02:00:00,1.06477373558119
"1611",1988-06-21 02:00:00,1.19787045252884
"1612",1988-06-24 02:00:00,2.39574090505768
"1613",1988-06-24 02:00:00,10.2040816326531
"1614",1988-06-29 02:00:00,1.77462289263531
"1615",1988-06-29 02:00:00,2.32031943212067
"1616",1988-06-29 02:00:00,2.30700976042591
"1617",1988-07-01 02:00:00,1.08784383318545
"1618",1988-07-01 02:00:00,1.14285714285714
"1619",1988-07-01 02:00:00,1.15350488021295
"1620",1988-07-01 02:00:00,1.86690328305235
"1621",1988-07-02 02:00:00,2.48447204968944
"1622",1988-07-04 02:00:00,2.57320319432121
"1623",1988-07-05 02:00:00,1.12156166814552
"1624",1988-07-06 02:00:00,5.98935226264419
"1625",1988-07-08 02:00:00,2.50931677018634
"1626",1988-07-09 02:00:00,1.32830523513753
"1627",1988-07-12 02:00:00,1.0452528837622
"1628",1988-07-14 02:00:00,1.38775510204082
"1629",1988-07-16 02:00:00,1.15350488021295
"1630",1988-07-18 02:00:00,1.2866015971606
"1631",1988-07-18 02:00:00,1.04702750665484
"1632",1988-07-19 02:00:00,4.61401952085182
"1633",1988-07-19 02:00:00,20.452528837622
"1634",1988-07-19 02:00:00,2.21827861579414
"1635",1988-07-20 02:00:00,5.32386867790594
"1636",1988-07-26 02:00:00,1.21650399290151
"1637",1988-07-30 02:00:00,7.09849157054126
"1638",1988-08-08 02:00:00,1.33096716947649
"1639",1988-08-09 02:00:00,1.77462289263531
"1640",1988-08-10 02:00:00,3.01242236024845
"1641",1988-08-12 02:00:00,47.019520851819
"1642",1988-08-15 02:00:00,1.1002661934339
"1643",1988-08-18 02:00:00,2.30967169476486
"1644",1988-08-21 02:00:00,1.1455190771961
"1645",1988-08-21 02:00:00,1.37622005323869
"1646",1988-08-22 02:00:00,1.14285714285714
"1647",1988-08-24 02:00:00,2.89618456078083
"1648",1988-08-24 02:00:00,1.77462289263531
"1649",1988-08-29 02:00:00,1.35403726708075
"1650",1988-09-01 02:00:00,24.5785270629991
"1651",1988-09-04 02:00:00,2.26175687666371
"1652",1988-09-05 02:00:00,4.43655723158829
"1653",1988-09-05 02:00:00,1.34871339840284
"1654",1988-09-06 02:00:00,15.8828748890861
"1655",1988-09-06 02:00:00,1.02040816326531
"1656",1988-09-08 02:00:00,1.26264418811003
"1657",1988-09-08 02:00:00,2.66193433895297
"1658",1988-09-09 02:00:00,1.05146406388642
"1659",1988-09-11 02:00:00,1.95208518189885
"1660",1988-09-14 02:00:00,1.35758651286602
"1661",1988-09-17 02:00:00,1.64152617568767
"1662",1988-09-18 02:00:00,7.54214729370009
"1663",1988-09-19 02:00:00,2.21827861579414
"1664",1988-09-19 02:00:00,5.50133096716948
"1665",1988-09-20 02:00:00,2.2111801242236
"1666",1988-09-22 02:00:00,1.4773735581189
"1667",1988-09-27 01:00:00,1.64152617568767
"1668",1988-09-27 01:00:00,1.02040816326531
"1669",1988-10-01 01:00:00,3.28305235137533
"1670",1988-10-04 01:00:00,25.9538598047915
"1671",1988-10-04 01:00:00,1.06477373558119
"1672",1988-10-08 01:00:00,4.08163265306122
"1673",1988-10-08 01:00:00,2.28837622005324
"1674",1988-10-17 01:00:00,1.1002661934339
"1675",1988-10-20 01:00:00,2.83850931677019
"1676",1988-10-20 01:00:00,3.19432120674357
"1677",1988-10-23 01:00:00,1.59716060337178
"1678",1988-10-28 01:00:00,1.77462289263531
"1679",1988-10-29 01:00:00,1.72138420585626
"1680",1988-11-02 01:00:00,2.33362910381544
"1681",1988-11-03 01:00:00,4.49423247559893
"1682",1988-11-05 01:00:00,8.87311446317657
"1683",1988-11-05 01:00:00,2.67613132209405
"1684",1988-11-07 01:00:00,1.14729370008873
"1685",1988-11-07 01:00:00,1.33096716947649
"1686",1988-11-10 01:00:00,1.50842945874002
"1687",1988-11-11 01:00:00,1.24223602484472
"1688",1988-11-14 01:00:00,1.10913930789707
"1689",1988-11-18 01:00:00,6.2111801242236
"1690",1988-11-19 01:00:00,1.73025732031943
"1691",1988-11-19 01:00:00,1.15350488021295
"1692",1988-11-20 01:00:00,1.05590062111801
"1693",1988-11-21 01:00:00,1.8793256433008
"1694",1988-11-23 01:00:00,1.4019520851819
"1695",1988-11-26 01:00:00,1.41969831410825
"1696",1988-11-27 01:00:00,2.71517302573203
"1697",1988-12-02 01:00:00,4.08163265306122
"1698",1988-12-02 01:00:00,1.75244010647737
"1699",1988-12-05 01:00:00,1.08873114463177
"1700",1988-12-06 01:00:00,3.54924578527063
"1701",1988-12-06 01:00:00,1.28305235137533
"1702",1988-12-08 01:00:00,2.17391304347826
"1703",1988-12-09 01:00:00,2.8393966282165
"1704",1988-12-12 01:00:00,3.3717834960071
"1705",1988-12-12 01:00:00,1.33096716947649
"1706",1988-12-14 01:00:00,4.61401952085182
"1707",1988-12-15 01:00:00,10.8251996450754
"1708",1988-12-16 01:00:00,5.76752440106477
"1709",1988-12-17 01:00:00,1.10913930789707
"1710",1988-12-17 01:00:00,31.055900621118
"1711",1988-12-18 01:00:00,3.1055900621118
"1712",1988-12-18 01:00:00,1.33096716947649
"1713",1988-12-25 01:00:00,1.68589174800355
"1714",1988-12-26 01:00:00,3.99290150842946
"1715",1989-01-02 01:00:00,1.84081287044877
"1716",1989-01-03 01:00:00,1.28281117696867
"1717",1989-01-05 01:00:00,5.37679932260796
"1718",1989-01-09 01:00:00,1.36155800169348
"1719",1989-01-11 01:00:00,1.0584250635055
"1720",1989-01-11 01:00:00,1.00338696020322
"1721",1989-01-14 01:00:00,2.96359017781541
"1722",1989-01-15 01:00:00,1.27095681625741
"1723",1989-01-15 01:00:00,1.90516511430991
"1724",1989-01-17 01:00:00,4.23370025402202
"1725",1989-01-17 01:00:00,1.94750211685013
"1726",1989-01-19 01:00:00,2.91109229466554
"1727",1989-01-20 01:00:00,24.5554614733277
"1728",1989-01-21 01:00:00,1.22777307366638
"1729",1989-01-24 01:00:00,1.21930567315834
"1730",1989-01-24 01:00:00,3.268416596105
"1731",1989-01-26 01:00:00,4.8264182895851
"1732",1989-01-26 01:00:00,1.65961049957663
"1733",1989-01-29 01:00:00,1.21422523285351
"1734",1989-01-31 01:00:00,1.01608806096528
"1735",1989-02-02 01:00:00,1.52328535139712
"1736",1989-02-02 01:00:00,2.68416596104996
"1737",1989-02-05 01:00:00,1.56223539373412
"1738",1989-02-06 01:00:00,1.12108382726503
"1739",1989-02-13 01:00:00,1.01439458086367
"1740",1989-02-14 01:00:00,42.0914479254869
"1741",1989-02-14 01:00:00,1.69348010160881
"1742",1989-02-14 01:00:00,1.64013547840813
"1743",1989-02-15 01:00:00,1.94750211685013
"1744",1989-02-15 01:00:00,4.65707027942422
"1745",1989-02-15 01:00:00,1.0584250635055
"1746",1989-02-18 01:00:00,1.1160033869602
"1747",1989-02-22 01:00:00,1.52413209144793
"1748",1989-02-23 01:00:00,1.39204064352244
"1749",1989-02-27 01:00:00,1.22777307366638
"1750",1989-03-04 01:00:00,14.3945808636749
"1751",1989-03-06 01:00:00,1.13039796782388
"1752",1989-03-07 01:00:00,1.74428450465707
"1753",1989-03-07 01:00:00,1.94750211685013
"1754",1989-03-08 01:00:00,1.18543607112616
"1755",1989-03-14 01:00:00,2.56562235393734
"1756",1989-03-16 01:00:00,1.14817950889077
"1757",1989-03-17 01:00:00,2.17612193056732
"1758",1989-03-19 01:00:00,1.33107535986452
"1759",1989-03-23 01:00:00,20.8636748518205
"1760",1989-03-23 01:00:00,1.89415749364945
"1761",1989-03-23 01:00:00,2.11685012701101
"1762",1989-03-24 01:00:00,1.65114309906859
"1763",1989-03-27 02:00:00,1.0584250635055
"1764",1989-03-27 02:00:00,9.22946655376799
"1765",1989-04-01 02:00:00,1.14309906858594
"1766",1989-04-03 02:00:00,5.92718035563082
"1767",1989-04-04 02:00:00,1.19813717188823
"1768",1989-04-05 02:00:00,1.77476714648603
"1769",1989-04-06 02:00:00,1.87552921253175
"1770",1989-04-09 02:00:00,5.66469093988146
"1771",1989-04-12 02:00:00,1.10076206604572
"1772",1989-04-14 02:00:00,4.14902624894158
"1773",1989-04-16 02:00:00,1.28365791701948
"1774",1989-04-17 02:00:00,1.0584250635055
"1775",1989-04-19 02:00:00,2.20152413209145
"1776",1989-04-20 02:00:00,1.28958509737511
"1777",1989-04-21 02:00:00,1.35478408128704
"1778",1989-04-23 02:00:00,4.41659610499577
"1779",1989-04-24 02:00:00,1.2701100762066
"1780",1989-04-26 02:00:00,14.3945808636749
"1781",1989-04-28 02:00:00,2.68670618120237
"1782",1989-04-28 02:00:00,1.69348010160881
"1783",1989-04-28 02:00:00,1.62404741744285
"1784",1989-04-30 02:00:00,3.38696020321761
"1785",1989-05-02 02:00:00,4.06435224386113
"1786",1989-05-03 02:00:00,1.30143945808637
"1787",1989-05-04 02:00:00,1.2701100762066
"1788",1989-05-06 02:00:00,1.55376799322608
"1789",1989-05-06 02:00:00,1.47671464860288
"1790",1989-05-07 02:00:00,1.18966977138019
"1791",1989-05-11 02:00:00,1.01608806096528
"1792",1989-05-11 02:00:00,10.1371718882303
"1793",1989-05-13 02:00:00,2.66299745977985
"1794",1989-05-13 02:00:00,1.04572396274344
"1795",1989-05-15 02:00:00,3.81033022861981
"1796",1989-05-18 02:00:00,1.2701100762066
"1797",1989-05-19 02:00:00,1.69348010160881
"1798",1989-05-21 02:00:00,1.48179508890771
"1799",1989-05-22 02:00:00,1.52413209144793
"1800",1989-05-23 02:00:00,2.96359017781541
"1801",1989-05-24 02:00:00,1.18120237087214
"1802",1989-05-24 02:00:00,1.56562235393734
"1803",1989-05-24 02:00:00,3.04826418289585
"1804",1989-05-25 02:00:00,3.33784928027096
"1805",1989-05-25 02:00:00,1.45723962743438
"1806",1989-05-26 02:00:00,1.01608806096528
"1807",1989-05-29 02:00:00,4.30143945808637
"1808",1989-06-02 02:00:00,2.03217612193057
"1809",1989-06-04 02:00:00,4.02201524132091
"1810",1989-06-05 02:00:00,1.12193056731583
"1811",1989-06-08 02:00:00,1.87976291278577
"1812",1989-06-11 02:00:00,2.20152413209145
"1813",1989-06-11 02:00:00,1.2701100762066
"1814",1989-06-12 02:00:00,1.73412362404742
"1815",1989-06-13 02:00:00,1.16850127011008
"1816",1989-06-13 02:00:00,6.77392040643522
"1817",1989-06-16 02:00:00,1.17696867061812
"1818",1989-06-17 02:00:00,4.5004233700254
"1819",1989-06-17 02:00:00,2.21337849280271
"1820",1989-06-21 02:00:00,1.01608806096528
"1821",1989-06-21 02:00:00,1.86282811176969
"1822",1989-06-23 02:00:00,2.20152413209145
"1823",1989-06-27 02:00:00,1.21930567315834
"1824",1989-06-27 02:00:00,5.71549534292972
"1825",1989-06-28 02:00:00,6.43522438611346
"1826",1989-06-28 02:00:00,5.50381033022862
"1827",1989-06-28 02:00:00,2.54022015241321
"1828",1989-06-28 02:00:00,5.08044030482642
"1829",1989-06-29 02:00:00,5.08044030482642
"1830",1989-07-03 02:00:00,2.03217612193057
"1831",1989-07-05 02:00:00,4.09144792548688
"1832",1989-07-06 02:00:00,1.90177815410669
"1833",1989-07-08 02:00:00,4.8264182895851
"1834",1989-07-10 02:00:00,2.13209144792549
"1835",1989-07-10 02:00:00,1.56985605419136
"1836",1989-07-13 02:00:00,1.25317527519052
"1837",1989-07-18 02:00:00,1.2701100762066
"1838",1989-07-18 02:00:00,3.09906858594412
"1839",1989-07-18 02:00:00,1.91024555461473
"1840",1989-07-20 02:00:00,1.29551227773074
"1841",1989-07-22 02:00:00,2.54022015241321
"1842",1989-07-23 02:00:00,2.48772226926334
"1843",1989-07-24 02:00:00,2.28619813717189
"1844",1989-07-24 02:00:00,1.40558848433531
"1845",1989-07-25 02:00:00,1.10245554614733
"1846",1989-07-26 02:00:00,1.01608806096528
"1847",1989-07-28 02:00:00,3.85266723116003
"1848",1989-07-28 02:00:00,12.8018628281118
"1849",1989-07-28 02:00:00,1.60880609652837
"1850",1989-07-30 02:00:00,1.52413209144793
"1851",1989-07-31 02:00:00,1.97290431837426
"1852",1989-08-02 02:00:00,1.2701100762066
"1853",1989-08-03 02:00:00,1.78492802709568
"1854",1989-08-04 02:00:00,16.0880609652837
"1855",1989-08-04 02:00:00,1.43945808636749
"1856",1989-08-04 02:00:00,152.413209144793
"1857",1989-08-05 02:00:00,1.43945808636749
"1858",1989-08-05 02:00:00,3.13039796782388
"1859",1989-08-07 02:00:00,6.28704487722269
"1860",1989-08-08 02:00:00,2.77730736663844
"1861",1989-08-09 02:00:00,1.03302286198137
"1862",1989-08-10 02:00:00,1.01608806096528
"1863",1989-08-11 02:00:00,14.0135478408129
"1864",1989-08-18 02:00:00,1.2701100762066
"1865",1989-08-22 02:00:00,1.21507197290432
"1866",1989-08-23 02:00:00,8.36748518204911
"1867",1989-08-23 02:00:00,1.0584250635055
"1868",1989-08-23 02:00:00,1.11769686706181
"1869",1989-08-24 02:00:00,3.81033022861981
"1870",1989-08-25 02:00:00,1.10076206604572
"1871",1989-08-26 02:00:00,1.52074513124471
"1872",1989-08-27 02:00:00,1.48772226926334
"1873",1989-08-27 02:00:00,3.38696020321761
"1874",1989-08-28 02:00:00,4.65707027942422
"1875",1989-08-28 02:00:00,2.27773073666384
"1876",1989-08-29 02:00:00,1.04149026248942
"1877",1989-08-30 02:00:00,1.17696867061812
"1878",1989-08-30 02:00:00,1.52413209144793
"1879",1989-08-31 02:00:00,1.2887383573243
"1880",1989-09-04 02:00:00,1.2701100762066
"1881",1989-09-04 02:00:00,3.77392040643522
"1882",1989-09-09 02:00:00,1.19813717188823
"1883",1989-09-10 02:00:00,2.35224386113463
"1884",1989-09-11 02:00:00,1.06689246401355
"1885",1989-09-11 02:00:00,1.06689246401355
"1886",1989-09-11 02:00:00,9.39881456392887
"1887",1989-09-11 02:00:00,1.2701100762066
"1888",1989-09-14 02:00:00,5.77053344623201
"1889",1989-09-14 02:00:00,1.04995766299746
"1890",1989-09-14 02:00:00,1.53683319220999
"1891",1989-09-16 02:00:00,1.08382726502964
"1892",1989-09-18 02:00:00,1.87976291278577
"1893",1989-09-21 02:00:00,1.27857747671465
"1894",1989-09-22 02:00:00,1.35478408128704
"1895",1989-09-24 02:00:00,3.97967823878069
"1896",1989-09-25 01:00:00,5.2497883149873
"1897",1989-09-25 01:00:00,1.56562235393734
"1898",1989-09-25 01:00:00,12.701100762066
"1899",1989-09-26 01:00:00,4.57239627434378
"1900",1989-09-27 01:00:00,2.92125317527519
"1901",1989-09-28 01:00:00,1.77815410668925
"1902",1989-09-29 01:00:00,1.52413209144793
"1903",1989-09-29 01:00:00,11.6850127011008
"1904",1989-10-01 01:00:00,2.11685012701101
"1905",1989-10-02 01:00:00,1.73327688399661
"1906",1989-10-02 01:00:00,2.54022015241321
"1907",1989-10-07 01:00:00,1.17612193056732
"1908",1989-10-20 01:00:00,6.01185436071126
"1909",1989-10-22 01:00:00,32.3878069432684
"1910",1989-10-23 01:00:00,10.584250635055
"1911",1989-10-24 01:00:00,1.64267569856054
"1912",1989-10-24 01:00:00,3.38696020321761
"1913",1989-10-26 01:00:00,1.01608806096528
"1914",1989-11-10 01:00:00,4.86875529212532
"1915",1989-11-11 01:00:00,1.52836579170195
"1916",1989-11-12 01:00:00,1.10076206604572
"1917",1989-11-13 01:00:00,1.07959356477561
"1918",1989-11-13 01:00:00,1.69348010160881
"1919",1989-11-14 01:00:00,18.6282811176969
"1920",1989-11-15 01:00:00,1.731583403895
"1921",1989-11-16 01:00:00,3.81033022861981
"1922",1989-11-16 01:00:00,1.10076206604572
"1923",1989-11-19 01:00:00,1.83742591024555
"1924",1989-11-20 01:00:00,1.01608806096528
"1925",1989-11-29 01:00:00,4.65707027942422
"1926",1989-11-29 01:00:00,1.31498729889924
"1927",1989-11-30 01:00:00,1.52413209144793
"1928",1989-12-03 01:00:00,2.28619813717189
"1929",1989-12-03 01:00:00,1.01608806096528
"1930",1989-12-05 01:00:00,1.88569009314141
"1931",1989-12-06 01:00:00,1.31160033869602
"1932",1989-12-06 01:00:00,1.22777307366638
"1933",1989-12-08 01:00:00,1.10076206604572
"1934",1989-12-09 01:00:00,3.38696020321761
"1935",1989-12-13 01:00:00,1.6342082980525
"1936",1989-12-14 01:00:00,1.01354784081287
"1937",1989-12-15 01:00:00,1.72650296359018
"1938",1989-12-18 01:00:00,3.81033022861981
"1939",1989-12-18 01:00:00,2.45639288738357
"1940",1989-12-19 01:00:00,2.68670618120237
"1941",1989-12-20 01:00:00,1.00338696020322
"1942",1989-12-22 01:00:00,1.01524132091448
"1943",1989-12-25 01:00:00,1.86282811176969
"1944",1989-12-29 01:00:00,1.08382726502964
"1945",1989-12-30 01:00:00,2.11685012701101
"1946",1989-12-30 01:00:00,4.14902624894158
"1947",1989-12-31 01:00:00,1.01608806096528
"1948",1989-12-31 01:00:00,1.01608806096528
"1949",1989-12-31 01:00:00,1.17696867061812
"1950",1990-01-01 01:00:00,1.87706270627063
"1951",1990-01-06 01:00:00,1.26815181518152
"1952",1990-01-08 01:00:00,1.35643564356436
"1953",1990-01-10 01:00:00,7.42574257425743
"1954",1990-01-12 01:00:00,1.13448844884488
"1955",1990-01-13 01:00:00,1.32920792079208
"1956",1990-01-17 01:00:00,1.28712871287129
"1957",1990-01-19 01:00:00,1.56518151815182
"1958",1990-01-20 01:00:00,1.07260726072607
"1959",1990-01-20 01:00:00,2.31023102310231
"1960",1990-01-24 01:00:00,1.09405940594059
"1961",1990-01-25 01:00:00,2.61716171617162
"1962",1990-01-26 01:00:00,1.99009900990099
"1963",1990-01-26 01:00:00,1.98762376237624
"1964",1990-01-30 01:00:00,1.15594059405941
"1965",1990-01-31 01:00:00,3.37871287128713
"1966",1990-02-05 01:00:00,1.21699669966997
"1967",1990-02-07 01:00:00,1.9513201320132
"1968",1990-02-08 01:00:00,4.12541254125412
"1969",1990-02-09 01:00:00,1.4026402640264
"1970",1990-02-09 01:00:00,1.02640264026403
"1971",1990-02-11 01:00:00,1.70792079207921
"1972",1990-02-12 01:00:00,1.23762376237624
"1973",1990-02-12 01:00:00,3.3003300330033
"1974",1990-02-18 01:00:00,1.27887788778878
"1975",1990-02-19 01:00:00,2.98102310231023
"1976",1990-02-20 01:00:00,4.07590759075908
"1977",1990-02-22 01:00:00,3.71287128712871
"1978",1990-02-26 01:00:00,1.23762376237624
"1979",1990-02-27 01:00:00,1.03135313531353
"1980",1990-02-27 01:00:00,1.4546204620462
"1981",1990-03-07 01:00:00,1.68976897689769
"1982",1990-03-10 01:00:00,2.36798679867987
"1983",1990-03-11 01:00:00,3.46534653465347
"1984",1990-03-12 01:00:00,1.23762376237624
"1985",1990-03-15 01:00:00,1.06435643564356
"1986",1990-03-17 01:00:00,1.42326732673267
"1987",1990-03-19 01:00:00,1.48514851485149
"1988",1990-03-20 01:00:00,2.47524752475248
"1989",1990-03-22 01:00:00,1.73679867986799
"1990",1990-03-23 01:00:00,10.9983498349835
"1991",1990-03-25 01:00:00,1.08498349834983
"1992",1990-03-27 02:00:00,1.15511551155116
"1993",1990-03-28 02:00:00,1.25825082508251
"1994",1990-03-29 02:00:00,1.8976897689769
"1995",1990-04-02 02:00:00,1.00660066006601
"1996",1990-04-02 02:00:00,1.10891089108911
"1997",1990-04-02 02:00:00,1.03135313531353
"1998",1990-04-03 02:00:00,1.32013201320132
"1999",1990-04-03 02:00:00,1.9026402640264
"2000",1990-04-04 02:00:00,8.25082508250825
"2001",1990-04-07 02:00:00,1.09488448844884
"2002",1990-04-08 02:00:00,2.88778877887789
"2003",1990-04-08 02:00:00,2.30280528052805
"2004",1990-04-09 02:00:00,1.73597359735974
"2005",1990-04-11 02:00:00,3.21782178217822
"2006",1990-04-13 02:00:00,1.08498349834983
"2007",1990-04-18 02:00:00,1.48514851485149
"2008",1990-04-18 02:00:00,2.49917491749175
"2009",1990-04-18 02:00:00,4.86798679867987
"2010",1990-04-20 02:00:00,1.10561056105611
"2011",1990-04-25 02:00:00,12.3762376237624
"2012",1990-04-25 02:00:00,1.746699669967
"2013",1990-04-30 02:00:00,3.58910891089109
"2014",1990-05-01 02:00:00,1.02145214521452
"2015",1990-05-02 02:00:00,3.46534653465347
"2016",1990-05-03 02:00:00,4.53795379537954
"2017",1990-05-03 02:00:00,5.1980198019802
"2018",1990-05-04 02:00:00,2.67574257425743
"2019",1990-05-07 02:00:00,1.27557755775578
"2020",1990-05-07 02:00:00,1.65016501650165
"2021",1990-05-09 02:00:00,3.3003300330033
"2022",1990-05-09 02:00:00,1.32013201320132
"2023",1990-05-17 02:00:00,1.48514851485149
"2024",1990-05-18 02:00:00,2.53300330033003
"2025",1990-05-18 02:00:00,3.85561056105611
"2026",1990-05-22 02:00:00,1.20874587458746
"2027",1990-05-25 02:00:00,1.29042904290429
"2028",1990-05-25 02:00:00,2.8052805280528
"2029",1990-05-25 02:00:00,1.26567656765677
"2030",1990-05-26 02:00:00,5.61221122112211
"2031",1990-05-27 02:00:00,1.44389438943894
"2032",1990-05-30 02:00:00,2.1039603960396
"2033",1990-06-03 02:00:00,2.47524752475248
"2034",1990-06-04 02:00:00,1.81518151815182
"2035",1990-06-06 02:00:00,1.4950495049505
"2036",1990-06-06 02:00:00,2.04290429042904
"2037",1990-06-07 02:00:00,1.07095709570957
"2038",1990-06-07 02:00:00,1.23762376237624
"2039",1990-06-11 02:00:00,2.06270627062706
"2040",1990-06-14 02:00:00,1.01732673267327
"2041",1990-06-15 02:00:00,1.65016501650165
"2042",1990-06-15 02:00:00,15.2846534653465
"2043",1990-06-15 02:00:00,2.29372937293729
"2044",1990-06-16 02:00:00,1.07260726072607
"2045",1990-06-18 02:00:00,4.53795379537954
"2046",1990-06-27 02:00:00,1.23762376237624
"2047",1990-07-01 02:00:00,10.1848184818482
"2048",1990-07-01 02:00:00,1.66419141914191
"2049",1990-07-05 02:00:00,2.31023102310231
"2050",1990-07-05 02:00:00,6.37293729372937
"2051",1990-07-09 02:00:00,1.41089108910891
"2052",1990-07-10 02:00:00,1.11468646864686
"2053",1990-07-10 02:00:00,1.87046204620462
"2054",1990-07-13 02:00:00,2.06270627062706
"2055",1990-07-15 02:00:00,1.06848184818482
"2056",1990-07-15 02:00:00,1.67079207920792
"2057",1990-07-15 02:00:00,1.31848184818482
"2058",1990-07-16 02:00:00,1.11551155115512
"2059",1990-07-17 02:00:00,2.06270627062706
"2060",1990-07-18 02:00:00,1.07260726072607
"2061",1990-07-19 02:00:00,4.29042904290429
"2062",1990-07-20 02:00:00,2.98267326732673
"2063",1990-07-20 02:00:00,1.02145214521452
"2064",1990-07-21 02:00:00,8.08580858085809
"2065",1990-07-21 02:00:00,3.17656765676568
"2066",1990-07-22 02:00:00,1.6542904290429
"2067",1990-07-23 02:00:00,1.26567656765677
"2068",1990-07-23 02:00:00,1.08168316831683
"2069",1990-07-23 02:00:00,1.08415841584158
"2070",1990-07-24 02:00:00,2.80528052805281
"2071",1990-07-24 02:00:00,2.16336633663366
"2072",1990-07-27 02:00:00,1.27887788778878
"2073",1990-07-28 02:00:00,1.32095709570957
"2074",1990-07-28 02:00:00,1.33910891089109
"2075",1990-07-28 02:00:00,1.48349834983498
"2076",1990-07-28 02:00:00,1.82260726072607
"2077",1990-07-29 02:00:00,6.20049504950495
"2078",1990-07-31 02:00:00,13.2013201320132
"2079",1990-08-02 02:00:00,4.31435643564356
"2080",1990-08-04 02:00:00,2.40759075907591
"2081",1990-08-06 02:00:00,1.36468646864686
"2082",1990-08-10 02:00:00,1.00577557755776
"2083",1990-08-11 02:00:00,2.14521452145215
"2084",1990-08-13 02:00:00,1.90181518151815
"2085",1990-08-13 02:00:00,1.46122112211221
"2086",1990-08-14 02:00:00,20.8267326732673
"2087",1990-08-14 02:00:00,5.94059405940594
"2088",1990-08-14 02:00:00,2.72277227722772
"2089",1990-08-14 02:00:00,2.76237623762376
"2090",1990-08-15 02:00:00,1.02722772277228
"2091",1990-08-17 02:00:00,1.14191419141914
"2092",1990-08-18 02:00:00,1.6460396039604
"2093",1990-08-19 02:00:00,1.77062706270627
"2094",1990-08-20 02:00:00,4.12541254125413
"2095",1990-08-21 02:00:00,1.98019801980198
"2096",1990-08-22 02:00:00,1.32013201320132
"2097",1990-08-22 02:00:00,1.00660066006601
"2098",1990-08-22 02:00:00,8.25082508250825
"2099",1990-08-26 02:00:00,1.11386138613861
"2100",1990-08-29 02:00:00,1.65016501650165
"2101",1990-08-29 02:00:00,1.26650165016502
"2102",1990-08-30 02:00:00,1.5536303630363
"2103",1990-08-30 02:00:00,4.08415841584158
"2104",1990-08-31 02:00:00,1.44884488448845
"2105",1990-09-08 02:00:00,14.8514851485149
"2106",1990-09-11 02:00:00,1.59653465346535
"2107",1990-09-15 02:00:00,3.87788778877888
"2108",1990-09-19 02:00:00,2.02145214521452
"2109",1990-09-20 02:00:00,1.65016501650165
"2110",1990-09-27 02:00:00,1.01072607260726
"2111",1990-09-27 02:00:00,1.48514851485149
"2112",1990-09-30 02:00:00,1.27887788778878
"2113",1990-10-01 01:00:00,1.02310231023102
"2114",1990-10-01 01:00:00,4.7029702970297
"2115",1990-10-02 01:00:00,3.13531353135314
"2116",1990-10-03 01:00:00,1.86468646864686
"2117",1990-10-03 01:00:00,2.03795379537954
"2118",1990-10-04 01:00:00,2.14521452145215
"2119",1990-10-04 01:00:00,1.15511551155116
"2120",1990-10-07 01:00:00,1.05610561056106
"2121",1990-10-08 01:00:00,144.657590759076
"2122",1990-10-10 01:00:00,28.6303630363036
"2123",1990-10-12 01:00:00,19.2656765676568
"2124",1990-10-12 01:00:00,5.52805280528053
"2125",1990-10-15 01:00:00,1.54290429042904
"2126",1990-10-16 01:00:00,4.62046204620462
"2127",1990-10-19 01:00:00,1.07260726072607
"2128",1990-10-19 01:00:00,3.71287128712871
"2129",1990-10-23 01:00:00,1.01402640264026
"2130",1990-10-29 01:00:00,1.11386138613861
"2131",1990-11-07 01:00:00,2.33993399339934
"2132",1990-11-10 01:00:00,1.93894389438944
"2133",1990-11-11 01:00:00,1.23762376237624
"2134",1990-11-13 01:00:00,3.05280528052805
"2135",1990-11-13 01:00:00,1.40924092409241
"2136",1990-11-15 01:00:00,2.5536303630363
"2137",1990-11-23 01:00:00,5.77557755775578
"2138",1990-11-27 01:00:00,1.13448844884488
"2139",1990-11-29 01:00:00,3.40759075907591
"2140",1990-11-29 01:00:00,1.07260726072607
"2141",1990-11-30 01:00:00,1.16749174917492
"2142",1990-11-30 01:00:00,1.07260726072607
"2143",1990-12-04 01:00:00,1.27062706270627
"2144",1990-12-05 01:00:00,1.47277227722772
"2145",1990-12-06 01:00:00,1.03630363036304
"2146",1990-12-07 01:00:00,1.65016501650165
"2147",1990-12-08 01:00:00,1.67821782178218
"2148",1990-12-09 01:00:00,2.64026402640264
"2149",1990-12-09 01:00:00,1.60148514851485
"2150",1990-12-10 01:00:00,17.7392739273927
"2151",1990-12-14 01:00:00,4.37293729372937
"2152",1990-12-15 01:00:00,1.36138613861386
"2153",1990-12-16 01:00:00,1.18399339933993
"2154",1990-12-17 01:00:00,2.97029702970297
"2155",1990-12-19 01:00:00,1.02310231023102
"2156",1990-12-20 01:00:00,1.13036303630363
"2157",1990-12-21 01:00:00,3.01155115511551
"2158",1990-12-21 01:00:00,1.4026402640264
"2159",1990-12-22 01:00:00,2.32260726072607
"2160",1990-12-23 01:00:00,1.11551155115512
"2161",1990-12-23 01:00:00,1.69141914191419
"2162",1990-12-24 01:00:00,1.23762376237624
"2163",1990-12-27 01:00:00,1.11468646864686
"2164",1990-12-30 01:00:00,1.4026402640264
"2165",1990-12-30 01:00:00,4.86798679867987
"2166",1990-12-30 01:00:00,1.07260726072607
"2167",1990-12-31 01:00:00,4.12541254125413
